Date,Temperature (Â°C),Precipitation (mm),Humidity (%)
20150101,9.89,0.0,37.82
20150102,9.47,0.0,50.61
20150103,9.08,0.01,41.4
20150104,10.1,0.1,64.28
20150105,10.97,0.01,65.41
20150106,10.91,0.26,48.23
20150107,7.76,2.97,62.54
20150108,8.17,0.32,68.79
20150109,8.56,0.34,64.7
20150110,8.26,0.05,67.62
20150111,9.9,0.78,83.9
20150112,12.02,0.0,62.04
20150113,12.05,0.01,58.63
20150114,9.77,0.07,49.24
20150115,11.64,0.12,66.61
20150116,11.31,0.09,73.16
20150117,11.08,0.18,76.3
20150118,11.78,0.02,71.99
20150119,12.05,0.06,69.43
20150120,14.56,0.0,40.3
20150121,15.05,0.0,31.07
20150122,17.68,0.0,25.48
20150123,16.93,0.0,25.76
20150124,14.81,0.0,38.38
20150125,14.76,0.0,61.03
20150126,14.72,0.0,67.05
20150127,15.33,0.0,62.18
20150128,11.93,0.0,47.89
20150129,12.86,0.0,43.26
20150130,11.01,0.0,44.67
20150131,11.27,0.0,36.06
20150201,13.92,0.0,24.9
20150202,14.72,0.0,19.05
20150203,13.29,0.0,43.16
20150204,13.37,0.0,63.36
20150205,14.29,0.0,59.1
20150206,19.28,0.0,19.92
20150207,16.74,0.0,43.16
20150208,13.25,0.0,64.77
20150209,12.17,0.0,42.92
20150210,11.56,0.0,36.82
20150211,8.9,0.69,48.49
20150212,8.24,0.01,49.17
20150213,9.43,0.08,59.29
20150214,11.48,0.0,45.51
20150215,11.69,0.48,48.42
20150216,11.74,0.01,65.75
20150217,11.87,0.0,65.68
20150218,11.29,0.31,71.61
20150219,7.62,1.99,68.01
20150220,9.77,0.8,64.86
20150221,11.78,1.48,70.43
20150222,12.77,0.0,58.81
20150223,14.28,0.0,45.34
20150224,13.24,0.65,56.66
20150225,13.65,0.0,60.08
20150226,16.5,0.0,54.48
20150227,18.75,0.0,35.84
20150228,14.42,0.0,57.47
20150301,14.01,0.0,61.06
20150302,14.64,0.0,56.15
20150303,16.33,0.0,45.18
20150304,15.33,0.0,67.52
20150305,15.15,0.0,65.53
20150306,17.59,0.0,54.85
20150307,18.41,0.01,39.22
20150308,21.07,0.02,32.08
20150309,20.44,0.13,51.56
20150310,17.94,0.68,67.48
20150311,17.35,0.57,72.14
20150312,15.03,0.19,56.14
20150313,15.39,0.0,56.25
20150314,16.66,0.0,53.29
20150315,15.62,0.0,61.17
20150316,14.5,0.0,58.21
20150317,15.35,0.0,54.78
20150318,15.39,0.0,56.68
20150319,15.16,0.0,62.9
20150320,14.97,0.0,57.68
20150321,15.55,0.0,51.33
20150322,14.11,0.0,49.98
20150323,15.96,0.0,41.48
20150324,20.17,0.0,39.78
20150325,20.22,0.0,50.13
20150326,21.31,0.0,40.41
20150327,28.43,0.0,21.4
20150328,21.6,0.19,50.78
20150329,19.06,0.0,46.98
20150330,18.25,0.0,46.19
20150331,18.91,0.0,48.64
20150401,17.85,0.0,56.54
20150402,19.67,0.0,47.03
20150403,19.7,0.0,56.32
20150404,17.89,0.0,53.13
20150405,18.53,0.0,52.28
20150406,20.29,0.01,44.4
20150407,25.26,0.0,23.05
20150408,27.64,0.0,25.86
20150409,17.96,0.0,49.06
20150410,13.81,0.67,54.65
20150411,12.28,12.7,63.55
20150412,14.06,0.37,62.04
20150413,15.29,0.08,58.5
20150414,15.61,0.0,55.32
20150415,15.13,0.14,60.41
20150416,16.84,0.01,58.5
20150417,17.3,0.0,54.53
20150418,18.46,0.0,51.35
20150419,20.66,0.0,38.32
20150420,25.43,0.0,25.66
20150421,21.21,0.0,52.8
20150422,19.33,0.0,58.15
20150423,16.42,0.0,50.36
20150424,16.22,0.0,45.18
20150425,17.76,0.0,44.76
20150426,20.62,0.0,45.84
20150427,26.24,0.0,24.82
20150428,24.5,0.0,45.31
20150429,26.86,0.0,31.46
20150430,21.87,0.0,47.52
20150501,21.11,0.0,47.82
20150502,20.87,0.0,51.43
20150503,20.99,0.0,49.4
20150504,21.43,0.0,46.35
20150505,22.03,0.0,49.07
20150506,22.77,0.0,46.88
20150507,23.71,0.0,40.33
20150508,25.35,0.0,35.1
20150509,26.38,0.0,33.39
20150510,24.15,0.0,48.66
20150511,25.89,0.0,40.01
20150512,24.39,0.03,42.37
20150513,22.49,0.0,41.53
20150514,21.38,0.03,52.12
20150515,23.25,0.0,39.52
20150516,23.7,0.0,42.24
20150517,25.07,0.0,46.08
20150518,26.76,0.0,45.68
20150519,28.06,0.0,31.77
20150520,28.16,0.0,25.66
20150521,24.06,0.0,50.63
20150522,24.67,0.0,44.25
20150523,27.77,0.0,29.19
20150524,31.53,0.0,21.12
20150525,31.64,0.0,23.75
20150526,29.79,0.01,34.13
20150527,34.46,0.0,17.49
20150528,27.14,0.0,39.3
20150529,23.48,0.0,48.59
20150530,23.54,0.0,47.35
20150531,23.63,0.0,44.72
20150601,23.81,0.0,45.53
20150602,25.06,0.0,45.87
20150603,25.78,0.0,41.09
20150604,24.81,0.0,41.91
20150605,25.36,0.0,44.59
20150606,25.97,0.0,45.48
20150607,27.83,0.0,38.19
20150608,31.09,0.0,36.18
20150609,27.62,0.0,46.84
20150610,26.76,0.0,43.83
20150611,26.04,0.0,45.53
20150612,26.01,0.0,47.09
20150613,26.23,0.0,48.31
20150614,26.44,0.0,49.69
20150615,27.13,0.0,45.59
20150616,28.18,0.0,43.89
20150617,29.02,0.0,44.24
20150618,30.48,0.0,34.97
20150619,28.28,0.0,43.84
20150620,26.83,0.0,50.08
20150621,26.67,0.0,45.07
20150622,27.5,0.0,42.17
20150623,26.66,0.0,49.17
20150624,25.99,0.0,49.1
20150625,25.49,0.0,49.66
20150626,27.02,0.0,45.93
20150627,29.53,0.0,34.89
20150628,26.4,0.0,50.4
20150629,27.41,0.0,44.37
20150630,26.98,0.0,43.08
20150701,26.77,0.0,46.95
20150702,26.86,0.0,48.95
20150703,27.15,0.0,49.28
20150704,27.84,0.0,47.36
20150705,28.87,0.0,46.44
20150706,27.87,0.0,46.79
20150707,27.16,0.0,46.6
20150708,28.04,0.0,39.87
20150709,28.74,0.0,35.99
20150710,27.59,0.0,38.32
20150711,28.32,0.0,44.83
20150712,27.91,0.0,57.11
20150713,29.39,0.0,51.1
20150714,29.68,0.0,45.12
20150715,29.53,0.0,42.11
20150716,30.47,0.0,39.84
20150717,30.18,0.0,41.15
20150718,30.31,0.0,44.64
20150719,29.66,0.0,43.75
20150720,29.21,0.0,44.18
20150721,29.37,0.0,37.67
20150722,30.24,0.0,36.4
20150723,31.92,0.0,28.55
20150724,33.59,0.0,27.87
20150725,31.57,0.0,37.89
20150726,30.38,0.0,41.54
20150727,30.67,0.0,41.96
20150728,31.13,0.0,42.06
20150729,31.18,0.0,40.75
20150730,32.03,0.0,39.88
20150731,32.46,0.0,36.51
20150801,32.58,0.0,37.28
20150802,32.61,0.0,43.94
20150803,32.83,0.0,46.48
20150804,32.47,0.0,41.63
20150805,31.79,0.0,42.03
20150806,32.8,0.0,35.29
20150807,35.26,0.0,27.24
20150808,34.23,0.0,37.91
20150809,34.07,0.0,36.89
20150810,33.5,0.0,36.51
20150811,33.08,0.0,41.06
20150812,32.07,0.0,41.97
20150813,30.77,0.0,44.04
20150814,31.31,0.0,41.16
20150815,33.45,0.0,35.94
20150816,35.36,0.0,30.98
20150817,31.77,0.0,52.82
20150818,31.19,0.0,46.62
20150819,30.87,0.0,43.41
20150820,31.03,0.0,46.13
20150821,29.84,0.0,48.5
20150822,30.26,0.0,50.59
20150823,29.84,0.0,52.17
20150824,29.25,0.0,50.21
20150825,28.57,0.0,51.13
20150826,29.45,0.0,47.77
20150827,30.53,0.0,44.59
20150828,30.59,0.0,44.29
20150829,29.51,0.0,45.48
20150830,28.88,0.0,50.03
20150831,28.83,0.0,47.87
20150901,29.54,0.0,40.83
20150902,29.2,0.0,47.19
20150903,28.97,0.0,47.33
20150904,28.67,0.0,46.71
20150905,28.15,0.0,50.23
20150906,27.86,0.0,46.36
20150907,29.01,0.0,51.09
20150908,30.3,0.0,51.18
20150909,30.69,0.0,50.48
20150910,30.08,0.0,51.44
20150911,29.95,0.0,50.16
20150912,30.29,0.0,49.1
20150913,30.14,0.0,51.3
20150914,29.02,0.0,49.78
20150915,28.58,0.0,50.4
20150916,29.24,0.0,44.77
20150917,29.41,0.0,47.56
20150918,29.59,0.0,46.9
20150919,30.16,0.0,38.71
20150920,28.93,0.0,43.18
20150921,28.99,0.0,40.04
20150922,30.45,0.0,31.5
20150923,29.34,0.0,44.21
20150924,30.82,0.0,39.38
20150925,31.36,0.0,34.77
20150926,29.75,0.0,44.43
20150927,27.41,0.0,51.36
20150928,27.98,0.0,52.68
20150929,29.38,0.04,50.32
20150930,28.04,0.02,58.17
20151001,26.86,0.01,55.03
20151002,26.83,0.0,53.57
20151003,27.1,0.0,56.41
20151004,26.37,0.02,60.44
20151005,24.74,0.0,57.82
20151006,24.31,0.0,56.79
20151007,24.66,0.02,60.28
20151008,25.76,0.0,56.51
20151009,25.7,0.0,57.2
20151010,24.57,0.0,56.26
20151011,25.07,0.0,60.28
20151012,26.93,0.0,57.08
20151013,27.07,0.0,52.95
20151014,25.96,0.0,61.04
20151015,24.74,0.0,58.48
20151016,24.47,0.0,60.28
20151017,25.52,0.0,60.16
20151018,25.58,0.09,60.6
20151019,23.53,0.13,64.3
20151020,24.2,0.05,59.38
20151021,24.75,0.01,56.21
20151022,27.41,0.01,41.44
20151023,27.0,0.0,35.69
20151024,25.99,0.02,59.06
20151025,24.91,2.02,67.94
20151026,23.0,2.22,65.79
20151027,22.08,0.27,62.77
20151028,21.21,0.1,58.95
20151029,20.15,0.11,57.94
20151030,19.56,0.0,51.42
20151031,20.79,0.01,60.56
20151101,22.39,0.04,67.18
20151102,22.54,0.08,62.67
20151103,22.33,0.66,57.64
20151104,20.9,5.87,71.9
20151105,19.2,4.27,81.39
20151106,19.81,1.39,76.29
20151107,20.19,0.01,72.92
20151108,19.37,0.01,72.04
20151109,18.73,0.0,67.59
20151110,18.65,0.0,66.03
20151111,18.69,0.0,66.94
20151112,18.02,0.0,67.86
20151113,18.75,0.0,69.96
20151114,20.33,0.01,66.09
20151115,19.56,0.0,70.69
20151116,19.14,0.12,72.46
20151117,18.28,0.03,70.21
20151118,17.99,0.0,71.71
20151119,18.15,0.0,71.23
20151120,17.69,0.0,71.82
20151121,18.58,0.0,63.86
20151122,18.17,0.0,67.86
20151123,18.39,0.0,72.6
20151124,18.18,0.0,66.66
20151125,18.54,0.0,59.49
20151126,19.34,0.0,45.55
20151127,19.04,0.0,44.47
20151128,18.53,0.0,51.07
20151129,18.43,0.0,52.52
20151130,16.42,0.01,70.42
20151201,16.03,0.0,63.46
20151202,14.88,0.0,67.32
20151203,16.34,0.01,69.13
20151204,15.25,0.02,66.92
20151205,14.24,0.0,54.64
20151206,12.65,0.0,53.85
20151207,13.93,0.0,69.55
20151208,14.34,0.02,69.97
20151209,14.57,0.0,69.57
20151210,15.14,0.25,71.3
20151211,15.22,0.32,73.4
20151212,14.63,0.2,66.96
20151213,12.6,0.37,73.41
20151214,14.31,0.03,70.85
20151215,14.67,0.01,69.24
20151216,14.38,0.03,59.78
20151217,13.67,0.21,69.15
20151218,13.4,0.01,66.81
20151219,12.76,0.14,63.87
20151220,12.83,0.07,76.91
20151221,14.09,0.02,73.38
20151222,13.69,0.06,72.42
20151223,13.89,0.03,73.04
20151224,14.22,0.05,71.86
20151225,13.25,0.0,68.68
20151226,12.85,0.0,69.81
20151227,13.53,0.05,73.89
20151228,14.87,0.15,54.99
20151229,13.41,0.01,57.89
20151230,14.17,0.11,69.63
20151231,13.57,1.72,70.26
20160101,10.08,0.9,66.37
20160102,8.31,0.01,63.88
20160103,10.54,0.02,67.52
20160104,11.99,0.0,63.1
20160105,12.78,0.0,47.29
20160106,14.09,0.0,36.86
20160107,14.39,0.0,35.78
20160108,12.79,0.65,65.72
20160109,12.74,1.23,76.11
20160110,12.7,0.0,65.67
20160111,12.66,0.0,73.86
20160112,13.29,0.0,74.81
20160113,13.39,0.0,68.18
20160114,13.26,0.0,67.72
20160115,12.34,0.0,68.02
20160116,12.38,0.03,67.22
20160117,13.64,0.0,49.85
20160118,10.84,0.0,49.68
20160119,10.03,0.05,62.12
20160120,10.58,0.0,56.01
20160121,11.65,0.0,56.37
20160122,10.65,0.11,73.68
20160123,11.01,0.17,71.05
20160124,9.4,1.54,68.55
20160125,8.38,1.02,67.19
20160126,6.87,3.4,78.64
20160127,6.53,9.3,80.95
20160128,7.9,0.01,69.8
20160129,8.69,0.0,64.09
20160130,10.33,0.02,74.36
20160131,11.95,0.01,73.46
20160201,12.56,0.0,74.75
20160202,12.73,0.0,77.37
20160203,13.12,0.0,74.12
20160204,14.76,0.0,58.03
20160205,14.36,0.03,54.8
20160206,11.09,0.57,71.13
20160207,10.26,0.43,61.62
20160208,10.13,0.02,65.44
20160209,11.69,0.02,63.11
20160210,11.48,0.01,68.98
20160211,12.67,0.0,60.82
20160212,14.65,0.0,43.76
20160213,15.39,0.0,44.84
20160214,17.73,0.0,36.14
20160215,18.48,0.0,40.56
20160216,19.2,0.0,47.55
20160217,20.37,0.0,52.28
20160218,21.9,0.0,34.63
20160219,18.1,0.0,48.63
20160220,16.63,0.01,69.14
20160221,14.66,0.09,71.01
20160222,14.76,0.02,57.52
20160223,13.57,0.0,63.16
20160224,17.1,0.0,41.32
20160225,19.8,0.0,31.76
20160226,19.17,0.0,41.12
20160227,16.52,0.0,61.82
20160228,17.03,0.0,61.58
20160229,20.33,0.0,48.68
20160301,22.94,0.0,26.5
20160302,20.82,0.0,37.86
20160303,15.85,0.03,59.68
20160304,16.19,0.0,47.73
20160305,17.43,0.0,43.21
20160306,15.18,0.03,57.43
20160307,15.74,0.0,58.3
20160308,17.65,0.0,45.71
20160309,22.02,0.0,27.5
20160310,18.54,0.0,51.31
20160311,19.84,0.0,38.22
20160312,20.51,0.0,29.02
20160313,22.83,4.8,38.03
20160314,17.8,0.0,46.49
20160315,15.99,0.02,47.32
20160316,15.24,0.06,62.94
20160317,15.06,0.0,63.81
20160318,15.65,0.0,52.95
20160319,20.11,0.0,37.38
20160320,16.07,0.0,62.99
20160321,15.49,0.0,57.2
20160322,15.86,0.0,54.29
20160323,18.22,0.0,36.35
20160324,20.83,0.0,19.77
20160325,20.29,0.01,42.39
20160326,19.93,0.09,59.72
20160327,16.5,0.11,62.74
20160328,15.17,0.01,59.63
20160329,15.05,0.0,57.12
20160330,15.5,0.0,58.26
20160331,16.94,0.01,57.35
20160401,18.73,0.02,54.0
20160402,20.51,0.0,52.07
20160403,20.57,0.0,49.77
20160404,21.16,0.0,39.59
20160405,23.04,0.0,24.25
20160406,22.06,0.0,45.94
20160407,24.65,0.0,26.74
20160408,29.15,0.0,18.24
20160409,28.97,0.06,29.35
20160410,25.6,0.01,38.11
20160411,22.9,0.0,37.78
20160412,18.56,0.17,60.72
20160413,19.25,0.42,60.29
20160414,20.19,0.17,53.88
20160415,23.09,0.0,35.31
20160416,25.36,0.0,23.08
20160417,25.36,0.0,23.04
20160418,22.19,0.0,44.37
20160419,23.39,0.0,49.09
20160420,25.79,0.0,45.13
20160421,27.8,0.0,26.38
20160422,27.07,0.0,20.14
20160423,25.78,0.0,34.25
20160424,29.33,0.0,20.48
20160425,26.35,0.0,41.34
20160426,28.03,0.0,30.1
20160427,21.79,0.06,48.98
20160428,20.68,0.0,46.48
20160429,21.92,0.07,44.06
20160430,26.5,0.0,26.33
20160501,25.27,0.0,36.79
20160502,25.51,0.0,38.5
20160503,27.39,0.0,33.94
20160504,22.83,0.0,45.42
20160505,23.03,0.0,42.83
20160506,20.52,0.0,52.0
20160507,21.4,0.0,45.87
20160508,24.26,0.0,41.86
20160509,26.56,0.0,33.94
20160510,24.86,0.0,41.87
20160511,23.44,0.0,48.61
20160512,24.9,0.0,41.21
20160513,29.7,0.0,21.5
20160514,34.15,0.0,18.11
20160515,35.02,0.0,22.26
20160516,31.76,0.0,38.95
20160517,26.88,0.0,40.15
20160518,23.65,0.0,42.93
20160519,22.89,0.0,45.8
20160520,23.81,0.0,39.3
20160521,26.47,0.0,35.02
20160522,28.59,0.0,28.95
20160523,22.73,0.0,52.83
20160524,22.36,0.0,45.62
20160525,25.72,0.0,29.63
20160526,26.11,0.0,28.48
20160527,22.93,0.0,47.85
20160528,22.93,0.0,50.08
20160529,23.64,0.0,49.8
20160530,25.0,0.0,39.69
20160531,28.08,0.0,27.26
20160601,32.44,0.0,17.48
20160602,31.85,0.0,20.28
20160603,35.23,0.0,15.35
20160604,35.38,0.0,16.68
20160605,31.04,0.0,32.58
20160606,29.35,0.0,34.82
20160607,33.14,0.0,20.8
20160608,30.32,0.0,34.81
20160609,26.36,0.0,47.66
20160610,25.78,0.0,38.78
20160611,28.03,0.0,32.7
20160612,30.23,0.0,28.13
20160613,30.52,0.0,34.79
20160614,32.31,0.0,31.8
20160615,30.02,0.0,33.22
20160616,27.49,0.0,44.5
20160617,28.47,0.0,42.7
20160618,29.51,0.0,39.71
20160619,30.17,0.0,37.79
20160620,31.11,0.0,32.26
20160621,31.72,0.0,31.47
20160622,31.28,0.0,41.62
20160623,31.55,0.0,46.1
20160624,31.31,0.0,44.69
20160625,32.15,0.0,40.73
20160626,32.22,0.0,40.1
20160627,30.04,0.0,43.21
20160628,29.13,0.0,48.28
20160629,30.5,0.0,45.58
20160630,30.18,0.0,43.86
20160701,29.23,0.0,47.56
20160702,30.28,0.0,46.97
20160703,29.71,0.0,44.58
20160704,29.31,0.0,48.67
20160705,29.33,0.0,49.8
20160706,30.98,0.0,45.77
20160707,30.37,0.0,45.56
20160708,29.32,0.0,47.02
20160709,29.87,0.0,44.79
20160710,30.59,0.0,44.9
20160711,30.53,0.0,38.24
20160712,31.33,0.0,34.25
20160713,31.51,0.0,37.81
20160714,30.82,0.0,38.86
20160715,31.01,0.0,35.83
20160716,30.65,0.0,36.06
20160717,29.05,0.0,51.58
20160718,28.35,0.0,47.56
20160719,28.2,0.0,49.82
20160720,28.72,0.0,47.45
20160721,30.28,0.0,41.65
20160722,29.66,0.0,41.95
20160723,28.63,0.0,44.21
20160724,28.88,0.0,48.88
20160725,30.72,0.0,44.46
20160726,30.65,0.0,39.9
20160727,29.45,0.0,46.32
20160728,28.56,0.0,50.84
20160729,29.41,0.0,48.46
20160730,29.34,0.0,48.68
20160731,29.66,0.0,49.2
20160801,30.67,0.0,43.22
20160802,30.98,0.0,38.91
20160803,29.81,0.0,43.26
20160804,30.07,0.0,49.01
20160805,30.15,0.0,46.34
20160806,30.9,0.0,35.99
20160807,30.0,0.0,49.55
20160808,29.43,0.0,51.97
20160809,29.81,0.0,50.41
20160810,28.81,0.0,49.35
20160811,29.37,0.0,48.08
20160812,30.09,0.0,45.65
20160813,29.7,0.0,52.13
20160814,29.93,0.0,55.01
20160815,28.67,0.0,50.49
20160816,28.11,0.0,47.29
20160817,28.87,0.0,50.56
20160818,29.18,0.0,45.13
20160819,28.73,0.0,38.93
20160820,28.36,0.0,41.51
20160821,29.41,0.0,42.65
20160822,29.38,0.0,52.25
20160823,30.0,0.0,50.31
20160824,29.62,0.0,47.75
20160825,29.12,0.0,48.29
20160826,29.48,0.0,46.62
20160827,29.72,0.0,46.88
20160828,28.86,0.0,52.56
20160829,28.91,0.0,53.6
20160830,28.45,0.0,52.25
20160831,27.99,0.0,51.34
20160901,27.97,0.0,51.45
20160902,29.14,0.0,54.88
20160903,28.29,0.0,48.67
20160904,28.94,0.0,44.27
20160905,28.83,0.0,48.53
20160906,28.17,0.0,48.84
20160907,26.69,0.0,50.27
20160908,26.14,0.13,49.7
20160909,27.32,1.31,49.19
20160910,29.77,0.05,40.05
20160911,29.78,0.04,45.13
20160912,28.1,2.43,56.33
20160913,26.84,0.0,55.21
20160914,28.0,0.0,51.8
20160915,28.71,0.0,52.46
20160916,27.46,0.0,50.4
20160917,26.77,0.0,53.3
20160918,26.91,0.0,50.05
20160919,26.36,0.0,45.87
20160920,28.46,0.0,46.42
20160921,30.66,0.0,40.43
20160922,28.1,0.0,52.84
20160923,26.38,0.0,56.39
20160924,25.56,0.0,49.76
20160925,24.74,0.0,48.73
20160926,24.16,0.0,51.38
20160927,23.81,0.0,53.34
20160928,23.94,0.0,54.82
20160929,24.6,0.0,57.93
20160930,24.79,0.0,54.84
20161001,24.84,0.0,58.09
20161002,26.74,0.0,53.76
20161003,26.71,0.46,53.88
20161004,24.84,1.79,56.83
20161005,24.67,2.89,62.16
20161006,24.0,2.41,61.98
20161007,23.49,0.05,60.13
20161008,23.61,0.0,57.52
20161009,25.53,0.0,51.2
20161010,24.17,0.0,58.54
20161011,24.38,0.0,54.58
20161012,25.85,0.0,43.26
20161013,25.76,1.77,55.34
20161014,24.51,10.98,69.63
20161015,22.52,15.36,73.87
20161016,22.82,0.12,68.84
20161017,23.22,1.07,68.43
20161018,22.36,0.0,69.38
20161019,21.05,0.0,65.9
20161020,21.38,0.0,64.79
20161021,21.32,0.0,61.75
20161022,21.35,0.0,67.86
20161023,22.11,0.0,68.8
20161024,22.48,0.03,66.66
20161025,22.08,0.1,69.4
20161026,22.75,0.2,67.35
20161027,23.06,1.12,63.0
20161028,22.12,0.05,67.56
20161029,22.27,0.0,71.06
20161030,22.23,0.0,69.78
20161031,20.73,0.0,68.87
20161101,20.02,0.0,64.19
20161102,18.3,10.54,61.05
20161103,18.37,34.5,75.05
20161104,18.64,0.52,69.61
20161105,17.78,0.04,66.44
20161106,18.68,0.01,66.86
20161107,18.71,0.0,69.71
20161108,19.67,0.0,64.67
20161109,20.9,0.0,53.7
20161110,20.38,0.0,52.07
20161111,19.85,0.0,69.01
20161112,21.03,0.0,70.0
20161113,20.24,0.0,77.33
20161114,19.97,0.0,77.23
20161115,19.51,0.0,74.44
20161116,17.82,0.0,66.15
20161117,15.75,0.0,63.13
20161118,16.58,0.0,70.21
20161119,18.45,0.0,73.1
20161120,19.01,0.0,70.38
20161121,20.15,0.0,66.8
20161122,19.94,38.52,68.93
20161123,18.39,7.06,70.98
20161124,16.24,0.0,66.72
20161125,14.25,0.0,56.7
20161126,13.56,0.0,60.16
20161127,13.07,0.0,53.71
20161128,15.08,0.0,45.28
20161129,17.13,0.0,48.33
20161130,16.49,95.48,66.68
20161201,12.12,24.34,79.58
20161202,11.87,0.32,76.11
20161203,13.69,0.0,66.65
20161204,13.05,0.0,75.45
20161205,14.2,0.1,81.77
20161206,14.15,0.08,81.77
20161207,14.36,0.0,80.32
20161208,13.74,0.0,77.53
20161209,12.92,0.0,74.44
20161210,11.27,0.0,81.4
20161211,13.01,0.0,75.6
20161212,13.06,0.0,72.07
20161213,12.54,0.07,75.43
20161214,11.74,1.49,72.95
20161215,10.62,0.0,72.96
20161216,11.32,0.0,66.11
20161217,11.83,0.0,72.95
20161218,11.88,0.0,79.57
20161219,10.67,0.02,77.52
20161220,10.14,0.01,76.18
20161221,10.49,0.0,72.38
20161222,10.3,0.1,76.66
20161223,10.41,0.08,76.05
20161224,8.39,0.26,77.32
20161225,9.41,0.54,83.2
20161226,10.1,0.32,76.36
20161227,9.74,2.03,80.37
20161228,9.75,0.0,73.76
20161229,9.18,0.01,73.13
20161230,8.57,0.01,64.03
20161231,8.27,0.01,72.76
20170101,8.26,0.0,67.24
20170102,7.88,0.02,70.82
20170103,9.92,0.0,71.8
20170104,9.84,0.01,75.02
20170105,10.59,0.0,70.08
20170106,10.26,0.0,65.41
20170107,7.89,0.0,64.04
20170108,8.01,0.0,67.05
20170109,6.88,0.0,62.9
20170110,7.38,0.0,61.75
20170111,9.68,0.0,55.79
20170112,10.02,0.0,75.18
20170113,10.35,0.0,74.45
20170114,10.79,0.48,83.68
20170115,11.07,0.01,84.09
20170116,11.66,0.0,77.19
20170117,12.88,0.0,67.51
20170118,12.21,0.0,76.95
20170119,11.71,0.0,78.9
20170120,11.92,0.0,77.36
20170121,11.07,0.0,77.42
20170122,10.91,0.0,76.12
20170123,11.56,0.0,71.41
20170124,13.44,0.0,62.94
20170125,14.4,0.0,73.71
20170126,12.06,0.0,70.29
20170127,9.16,0.14,71.39
20170128,9.15,0.03,67.61
20170129,10.06,0.02,67.9
20170130,9.2,0.0,69.08
20170131,9.6,0.12,79.45
20170201,10.39,0.12,75.82
20170202,9.86,0.01,68.97
20170203,9.54,0.0,65.74
20170204,9.82,0.01,68.76
20170205,11.8,0.02,77.38
20170206,13.02,0.0,72.01
20170207,14.99,0.0,57.78
20170208,12.31,0.0,54.39
20170209,12.95,0.0,58.41
20170210,12.96,0.02,65.7
20170211,13.45,0.02,66.06
20170212,12.99,0.18,65.76
20170213,12.34,0.17,71.88
20170214,9.72,1.01,75.88
20170215,9.6,0.03,70.12
20170216,8.79,2.88,80.41
20170217,9.0,0.02,64.14
20170218,10.08,0.0,64.67
20170219,10.55,0.0,67.68
20170220,11.35,0.0,70.53
20170221,11.43,0.01,69.5
20170222,11.49,0.39,69.01
20170223,12.42,0.04,74.3
20170224,13.66,0.09,72.42
20170225,14.59,0.02,68.77
20170226,15.12,0.0,64.62
20170227,16.18,0.0,59.67
20170228,17.72,0.0,39.5
20170301,16.2,0.0,65.9
20170302,15.3,0.0,70.93
20170303,14.02,0.0,67.28
20170304,14.27,0.0,69.42
20170305,14.86,0.0,67.79
20170306,15.39,0.0,67.97
20170307,14.2,0.0,62.84
20170308,17.68,0.0,45.36
20170309,17.94,0.0,41.45
20170310,16.52,0.0,55.31
20170311,15.59,0.0,50.28
20170312,15.83,0.0,43.1
20170313,14.81,0.0,61.0
20170314,14.85,0.0,60.58
20170315,13.68,0.0,68.02
20170316,13.46,0.0,65.81
20170317,14.71,0.0,59.56
20170318,17.07,0.0,46.18
20170319,13.71,0.0,61.3
20170320,14.57,0.0,60.77
20170321,15.81,0.0,53.23
20170322,19.72,0.0,33.97
20170323,17.96,0.0,52.6
20170324,16.52,0.0,59.88
20170325,15.67,0.0,55.42
20170326,16.17,0.0,52.75
20170327,17.52,0.0,40.73
20170328,18.58,0.0,48.67
20170329,21.56,0.0,39.82
20170330,20.47,0.0,52.6
20170331,18.46,0.0,50.92
20170401,16.56,0.0,59.58
20170402,16.42,0.0,63.52
20170403,17.64,0.0,56.55
20170404,18.96,0.0,54.22
20170405,20.59,0.0,50.04
20170406,20.8,0.0,36.17
20170407,17.82,0.0,55.76
20170408,18.4,0.0,49.25
20170409,17.8,0.0,51.33
20170410,19.37,0.0,51.49
20170411,20.68,17.41,56.03
20170412,20.51,0.18,62.17
20170413,18.44,0.43,63.15
20170414,17.07,0.01,55.47
20170415,17.92,0.15,58.3
20170416,19.35,0.0,49.35
20170417,21.15,0.01,41.33
20170418,21.96,0.0,35.18
20170419,19.97,3.9,53.18
20170420,22.35,0.0,39.32
20170421,26.12,0.0,29.16
20170422,25.79,0.0,41.5
20170423,19.03,0.0,50.56
20170424,17.48,0.0,54.53
20170425,18.08,0.0,54.53
20170426,19.66,0.0,51.39
20170427,19.66,0.0,46.73
20170428,21.76,0.0,37.1
20170429,23.04,0.0,28.79
20170430,24.12,0.0,40.96
20170501,22.87,0.0,36.14
20170502,21.79,0.0,55.53
20170503,21.89,0.0,53.96
20170504,22.63,0.0,48.61
20170505,22.11,0.0,48.98
20170506,23.0,0.0,48.05
20170507,24.17,0.0,36.93
20170508,26.77,0.0,31.64
20170509,29.19,0.0,24.97
20170510,30.24,0.0,24.7
20170511,23.72,0.0,49.48
20170512,23.67,0.0,49.14
20170513,25.57,0.0,43.54
20170514,29.03,0.0,30.05
20170515,29.46,0.0,31.38
20170516,26.3,0.0,39.22
20170517,25.95,0.0,45.35
20170518,28.27,0.0,33.45
20170519,24.19,0.0,52.41
20170520,22.06,0.0,49.61
20170521,23.02,0.0,45.38
20170522,26.43,0.0,31.22
20170523,22.85,0.0,49.33
20170524,23.29,0.0,45.02
20170525,23.25,0.0,43.11
20170526,26.82,0.0,32.1
20170527,28.31,0.0,28.91
20170528,27.41,0.0,39.48
20170529,26.84,0.0,46.22
20170530,28.06,0.0,40.58
20170531,28.65,0.0,36.99
20170601,25.23,0.0,41.83
20170602,25.84,0.0,42.41
20170603,27.54,0.0,38.84
20170604,28.56,0.0,36.76
20170605,29.51,0.0,33.67
20170606,31.84,0.0,27.11
20170607,32.17,0.0,20.85
20170608,32.64,0.0,22.01
20170609,28.92,0.0,43.47
20170610,27.31,0.0,48.05
20170611,26.86,0.0,47.8
20170612,26.88,0.0,45.0
20170613,29.35,0.0,36.25
20170614,27.96,0.0,43.05
20170615,28.06,0.0,44.14
20170616,28.97,0.0,39.08
20170617,30.03,0.0,37.21
20170618,31.2,0.0,29.13
20170619,31.64,0.0,32.99
20170620,28.38,1.4,46.7
20170621,27.47,0.0,43.79
20170622,27.13,0.0,45.29
20170623,27.59,0.0,42.72
20170624,27.71,3.59,46.96
20170625,28.46,0.02,48.4
20170626,29.22,0.0,44.55
20170627,29.79,0.0,40.41
20170628,29.81,0.0,39.48
20170629,29.85,0.0,40.65
20170630,31.4,0.0,43.3
20170701,32.87,0.0,41.58
20170702,33.49,0.0,34.35
20170703,33.8,0.0,27.39
20170704,31.98,0.0,44.14
20170705,29.43,0.0,46.4
20170706,28.57,0.0,49.6
20170707,28.72,0.0,49.61
20170708,30.19,0.0,45.79
20170709,30.47,0.0,45.4
20170710,31.26,0.0,39.57
20170711,31.32,0.0,34.6
20170712,30.79,0.0,42.5
20170713,31.09,0.0,40.43
20170714,31.78,0.0,33.95
20170715,33.49,0.0,26.79
20170716,33.12,0.0,34.29
20170717,32.31,0.0,33.97
20170718,33.1,0.0,33.67
20170719,30.76,0.0,45.98
20170720,28.76,0.0,47.35
20170721,28.92,0.0,48.64
20170722,29.65,0.0,48.65
20170723,29.78,0.0,50.77
20170724,30.4,0.0,48.04
20170725,31.11,1.22,43.22
20170726,32.02,0.34,35.23
20170727,32.34,0.08,36.08
20170728,31.25,0.31,46.04
20170729,29.61,0.0,42.81
20170730,28.99,0.0,44.73
20170731,29.95,0.0,39.91
20170801,30.87,0.0,43.4
20170802,31.26,0.0,42.91
20170803,31.17,0.0,40.41
20170804,30.61,0.0,43.7
20170805,30.27,0.0,45.59
20170806,30.99,0.0,43.32
20170807,30.72,0.0,45.5
20170808,31.17,0.0,45.04
20170809,31.37,0.0,44.37
20170810,31.09,0.0,48.33
20170811,30.72,0.0,53.37
20170812,31.82,0.0,49.55
20170813,31.65,0.0,44.57
20170814,30.47,0.0,47.49
20170815,29.18,0.0,48.09
20170816,28.81,0.0,51.25
20170817,29.06,0.0,50.33
20170818,30.65,0.0,42.83
20170819,31.17,0.0,44.4
20170820,30.75,0.0,45.17
20170821,30.5,0.0,38.63
20170822,29.57,0.0,42.22
20170823,29.26,0.0,45.88
20170824,28.81,0.0,48.8
20170825,28.78,0.0,47.95
20170826,29.44,0.0,45.05
20170827,29.66,0.0,48.86
20170828,28.29,0.0,41.47
20170829,28.05,0.0,43.91
20170830,27.29,0.0,49.93
20170831,28.09,0.0,54.17
20170901,28.02,0.0,52.44
20170902,28.0,0.0,51.47
20170903,28.07,0.0,47.24
20170904,28.47,0.0,43.64
20170905,28.81,0.0,48.61
20170906,27.22,0.0,51.52
20170907,26.84,0.0,48.32
20170908,27.03,0.0,50.41
20170909,27.64,0.0,51.35
20170910,27.4,0.0,43.16
20170911,28.31,0.0,45.14
20170912,29.48,0.0,45.94
20170913,29.54,0.0,51.43
20170914,27.32,0.0,56.67
20170915,26.93,0.0,54.79
20170916,26.55,0.0,50.65
20170917,26.65,0.0,53.25
20170918,26.88,0.0,58.15
20170919,27.46,0.0,51.79
20170920,28.21,0.0,41.77
20170921,29.39,0.0,42.7
20170922,27.86,0.0,56.19
20170923,25.18,0.0,52.73
20170924,24.32,0.0,51.55
20170925,24.55,0.0,51.41
20170926,25.59,0.0,56.74
20170927,25.39,0.0,54.78
20170928,24.28,0.0,55.77
20170929,24.76,0.0,53.64
20170930,25.82,0.0,45.56
20171001,28.89,0.0,32.28
20171002,26.83,0.0,42.02
20171003,24.51,0.44,56.52
20171004,22.77,6.22,65.99
20171005,22.42,0.02,64.37
20171006,22.36,0.11,59.86
20171007,25.67,0.0,43.07
20171008,26.16,0.0,56.39
20171009,23.34,0.01,60.38
20171010,21.46,0.0,57.83
20171011,21.39,0.0,60.4
20171012,21.21,0.0,60.96
20171013,21.86,0.0,61.54
20171014,21.96,0.0,57.23
20171015,21.28,0.0,59.4
20171016,21.49,0.0,61.37
20171017,21.9,0.0,62.34
20171018,23.49,0.0,63.75
20171019,23.31,0.0,62.33
20171020,21.93,0.0,62.53
20171021,21.24,0.0,63.69
20171022,20.99,0.0,61.08
20171023,20.66,0.0,60.83
20171024,21.87,0.0,46.53
20171025,23.83,0.0,30.04
20171026,24.58,0.0,29.12
20171027,22.11,0.0,43.84
20171028,20.17,0.0,44.76
20171029,20.24,0.0,46.55
20171030,19.58,0.0,55.49
20171031,20.43,0.0,60.4
20171101,20.73,0.01,63.16
20171102,19.2,0.05,63.65
20171103,18.45,0.04,63.65
20171104,17.69,0.0,60.05
20171105,19.14,0.03,53.07
20171106,18.06,0.0,57.04
20171107,17.74,0.02,59.44
20171108,18.27,0.15,67.41
20171109,17.92,0.0,64.32
20171110,18.14,1.08,66.44
20171111,18.01,0.76,66.83
20171112,19.19,0.11,62.22
20171113,18.71,0.0,43.68
20171114,18.27,0.0,37.8
20171115,18.84,0.0,46.01
20171116,19.78,0.0,68.04
20171117,18.54,14.4,75.99
20171118,17.79,14.59,88.72
20171119,16.8,8.86,77.63
20171120,16.55,0.15,58.54
20171121,13.96,44.13,82.69
20171122,14.29,0.09,72.33
20171123,13.99,0.01,72.08
20171124,14.13,0.0,70.77
20171125,15.09,0.0,70.64
20171126,14.69,0.0,77.63
20171127,15.25,0.01,72.24
20171128,16.21,0.0,56.09
20171129,14.92,0.0,66.02
20171130,14.85,0.0,75.77
20171201,15.37,0.01,75.01
20171202,15.94,0.0,71.95
20171203,16.69,0.02,63.16
20171204,16.61,0.05,52.32
20171205,15.8,0.6,83.28
20171206,13.27,0.35,73.02
20171207,11.43,0.0,65.81
20171208,11.84,0.0,70.02
20171209,12.22,0.0,74.42
20171210,13.03,0.0,74.24
20171211,14.78,0.0,62.98
20171212,15.83,0.0,60.1
20171213,14.62,0.0,80.28
20171214,13.84,0.0,79.21
20171215,15.29,0.0,72.36
20171216,14.69,0.0,72.28
20171217,16.17,0.0,58.61
20171218,17.05,0.0,56.54
20171219,15.54,0.0,67.96
20171220,15.79,0.0,73.13
20171221,17.36,0.0,59.69
20171222,19.47,0.0,68.35
20171223,15.52,0.0,62.79
20171224,12.82,0.57,74.34
20171225,11.64,0.02,67.75
20171226,12.03,0.0,78.56
20171227,12.43,0.05,77.99
20171228,12.82,0.01,80.52
20171229,13.53,0.0,68.42
20171230,11.42,0.0,61.77
20171231,10.39,0.0,68.15
20180101,12.08,0.16,71.43
20180102,10.96,0.0,73.97
20180103,12.09,0.0,68.46
20180104,12.19,0.02,67.11
20180105,13.14,0.24,70.43
20180106,12.07,0.69,74.23
20180107,12.78,0.13,77.02
20180108,12.37,2.71,71.35
20180109,12.07,5.59,81.25
20180110,12.83,11.98,77.97
20180111,13.14,0.0,59.44
20180112,12.84,0.0,71.2
20180113,13.42,0.0,76.39
20180114,11.2,0.0,64.41
20180115,12.35,0.0,74.34
20180116,11.69,0.01,75.65
20180117,12.37,0.14,76.59
20180118,12.42,0.03,59.74
20180119,11.27,0.07,62.01
20180120,11.03,0.0,69.41
20180121,12.04,0.0,52.88
20180122,12.49,0.01,56.71
20180123,12.93,0.03,66.8
20180124,12.59,1.05,74.0
20180125,10.48,4.58,77.26
20180126,8.41,0.85,69.17
20180127,10.79,0.45,74.76
20180128,10.77,0.0,75.13
20180129,11.42,0.04,75.65
20180130,11.07,0.03,75.39
20180131,10.96,0.0,75.42
20180201,11.42,0.0,75.35
20180202,12.92,0.0,78.31
20180203,14.92,0.0,58.18
20180204,17.33,0.0,36.49
20180205,17.03,0.0,37.46
20180206,18.04,0.0,37.95
20180207,19.28,0.0,38.34
20180208,18.63,0.0,41.87
20180209,16.6,0.0,68.03
20180210,18.94,0.0,47.79
20180211,15.65,0.02,60.8
20180212,13.88,1.99,85.24
20180213,12.69,0.97,73.98
20180214,12.34,0.0,65.29
20180215,12.41,0.15,71.0
20180216,12.98,0.01,57.35
20180217,10.7,0.88,68.04
20180218,13.58,0.25,72.15
20180219,15.17,0.0,60.76
20180220,16.05,0.0,48.85
20180221,16.58,0.2,46.98
20180222,16.29,0.0,57.83
20180223,16.59,0.03,60.76
20180224,15.54,0.34,59.39
20180225,15.94,0.0,55.03
20180226,17.06,0.59,57.05
20180227,15.68,0.1,61.65
20180228,15.38,0.0,55.34
20180301,17.29,0.0,48.33
20180302,18.06,0.01,60.46
20180303,20.71,0.0,40.87
20180304,20.74,0.0,36.52
20180305,21.07,0.0,44.2
20180306,19.47,0.0,39.68
20180307,21.3,0.0,39.05
20180308,21.39,0.0,31.45
20180309,17.2,0.0,53.87
20180310,15.87,0.0,60.13
20180311,15.93,0.0,62.02
20180312,15.93,0.0,60.62
20180313,18.41,0.0,52.86
20180314,19.24,0.0,46.58
20180315,16.49,0.0,63.66
20180316,16.62,0.0,61.54
20180317,16.93,0.0,54.47
20180318,19.81,0.0,40.05
20180319,21.16,0.0,33.64
20180320,19.14,0.0,49.54
20180321,21.14,0.0,30.47
20180322,24.6,0.0,24.98
20180323,24.81,0.0,26.66
20180324,16.86,0.0,48.76
20180325,16.35,0.0,40.61
20180326,18.92,0.0,49.39
20180327,21.94,0.04,45.53
20180328,23.33,0.69,51.39
20180329,16.58,0.0,57.49
20180330,16.28,0.0,57.7
20180331,17.18,0.0,53.63
20180401,18.68,0.04,56.38
20180402,19.93,0.09,53.43
20180403,19.38,0.01,53.19
20180404,18.9,0.03,57.9
20180405,19.03,0.12,53.23
20180406,19.3,5.52,55.74
20180407,20.81,0.02,44.4
20180408,18.94,0.15,54.92
20180409,18.75,0.15,53.79
20180410,18.7,0.07,55.16
20180411,20.95,0.0,45.42
20180412,22.87,0.0,36.05
20180413,24.96,0.0,29.06
20180414,24.57,0.0,30.48
20180415,24.27,0.0,30.33
20180416,25.05,0.0,29.91
20180417,26.21,0.0,25.16
20180418,25.11,0.01,35.92
20180419,22.96,0.02,46.6
20180420,22.94,0.0,43.32
20180421,21.36,16.56,48.11
20180422,18.84,0.0,53.39
20180423,19.15,0.0,48.47
20180424,19.21,0.01,51.93
20180425,17.54,15.68,67.47
20180426,21.26,0.21,54.94
20180427,20.77,0.03,50.53
20180428,23.89,0.0,37.77
20180429,25.46,0.36,35.29
20180430,27.29,0.03,32.26
20180501,26.3,0.0,39.35
20180502,26.25,0.0,51.66
20180503,29.63,0.0,36.8
20180504,29.86,0.02,35.2
20180505,22.18,0.01,51.96
20180506,23.5,0.0,54.0
20180507,22.07,0.0,50.11
20180508,21.88,0.0,42.6
20180509,24.13,0.0,42.54
20180510,28.84,0.0,27.35
20180511,24.71,0.0,47.59
20180512,22.45,0.0,56.6
20180513,22.84,0.0,52.02
20180514,22.45,0.0,48.13
20180515,23.07,0.0,50.36
20180516,23.81,0.0,51.75
20180517,26.32,0.0,49.29
20180518,28.4,0.0,42.57
20180519,28.31,0.0,38.99
20180520,29.35,0.0,30.42
20180521,31.47,0.0,23.11
20180522,33.95,0.0,16.35
20180523,31.4,0.0,27.29
20180524,30.69,0.0,26.51
20180525,30.22,0.0,32.61
20180526,28.01,0.0,44.72
20180527,27.28,0.02,45.6
20180528,27.06,0.01,46.08
20180529,26.38,0.17,48.32
20180530,26.3,0.0,47.91
20180531,26.67,0.0,43.73
20180601,26.08,0.0,44.46
20180602,25.51,0.0,48.03
20180603,26.62,0.0,49.26
20180604,26.44,0.0,44.3
20180605,25.96,0.0,37.78
20180606,27.78,0.0,37.12
20180607,28.6,0.0,38.23
20180608,29.59,0.0,39.01
20180609,29.97,0.0,37.39
20180610,30.8,0.0,34.45
20180611,28.87,0.0,42.94
20180612,27.13,0.0,51.09
20180613,28.3,0.0,43.79
20180614,29.92,0.0,30.07
20180615,32.77,0.0,21.63
20180616,32.49,0.0,21.94
20180617,29.81,0.0,38.3
20180618,29.4,0.0,40.52
20180619,29.92,0.0,39.2
20180620,29.92,0.0,38.7
20180621,30.79,0.0,35.32
20180622,32.84,0.0,27.63
20180623,30.13,0.0,37.36
20180624,29.2,0.0,41.24
20180625,28.89,0.0,43.22
20180626,29.32,0.0,41.73
20180627,32.84,0.0,32.06
20180628,29.36,0.0,43.62
20180629,27.41,0.0,45.54
20180630,27.15,0.0,47.49
20180701,28.35,0.0,42.78
20180702,28.37,0.0,45.71
20180703,28.43,0.0,47.42
20180704,30.45,0.0,46.16
20180705,30.72,0.55,46.27
20180706,30.74,1.32,48.74
20180707,30.17,2.28,47.29
20180708,30.42,0.24,39.82
20180709,30.59,0.0,39.54
20180710,29.79,0.0,42.03
20180711,28.98,0.0,47.02
20180712,28.22,0.0,49.53
20180713,29.34,0.0,49.78
20180714,29.68,0.0,49.44
20180715,29.81,0.0,52.71
20180716,30.56,0.0,50.54
20180717,29.6,0.0,46.43
20180718,30.82,0.0,46.95
20180719,29.6,0.0,47.61
20180720,29.65,0.0,41.6
20180721,29.76,0.0,36.25
20180722,30.49,0.0,50.23
20180723,31.55,0.0,45.47
20180724,33.66,0.0,31.43
20180725,32.39,0.0,36.97
20180726,30.93,0.0,43.31
20180727,30.77,0.0,41.47
20180728,29.23,0.0,47.03
20180729,29.25,0.0,46.94
20180730,30.05,0.0,39.65
20180731,31.03,0.0,41.27
20180801,31.47,0.0,39.01
20180802,30.24,0.0,50.11
20180803,30.54,0.0,52.46
20180804,30.53,0.0,48.92
20180805,30.8,0.0,45.72
20180806,30.85,0.0,45.58
20180807,29.53,0.0,50.96
20180808,29.72,0.0,48.44
20180809,30.22,0.0,48.64
20180810,31.29,0.0,42.89
20180811,30.56,0.0,47.91
20180812,30.27,0.0,50.73
20180813,29.9,0.0,49.91
20180814,28.79,0.0,47.04
20180815,29.04,0.0,47.2
20180816,29.33,0.0,47.16
20180817,29.21,0.0,49.89
20180818,28.96,0.0,53.93
20180819,29.07,0.0,50.02
20180820,29.63,0.0,49.61
20180821,29.87,0.0,48.95
20180822,29.41,0.0,53.01
20180823,29.6,0.0,49.48
20180824,29.63,0.0,45.79
20180825,29.94,0.0,46.33
20180826,29.27,0.0,49.77
20180827,29.27,0.0,53.71
20180828,28.74,0.0,49.73
20180829,28.98,0.0,49.97
20180830,29.31,0.0,51.12
20180831,29.03,0.0,51.28
20180901,29.26,0.0,51.82
20180902,29.68,0.0,53.83
20180903,30.31,0.0,50.71
20180904,30.43,0.0,48.02
20180905,29.55,0.0,45.43
20180906,28.58,0.0,51.19
20180907,27.77,0.0,53.81
20180908,28.16,0.0,50.27
20180909,28.13,0.0,52.82
20180910,27.89,0.0,53.56
20180911,27.79,0.0,50.63
20180912,27.61,0.0,47.15
20180913,27.32,0.0,46.96
20180914,27.23,0.0,44.69
20180915,26.43,0.0,53.11
20180916,26.84,0.0,53.5
20180917,26.89,0.0,51.2
20180918,27.53,0.0,47.41
20180919,27.66,0.0,49.65
20180920,26.88,0.0,51.62
20180921,26.15,0.0,55.59
20180922,26.42,0.0,54.69
20180923,26.09,0.0,55.79
20180924,26.35,0.0,53.79
20180925,26.45,0.0,56.81
20180926,26.27,0.0,57.27
20180927,26.54,0.0,50.78
20180928,28.54,0.0,49.18
20180929,29.54,0.0,43.02
20180930,27.88,0.0,57.62
20181001,26.7,0.0,54.26
20181002,28.05,0.0,56.53
20181003,27.59,0.0,52.71
20181004,26.34,0.0,52.54
20181005,25.96,0.0,59.91
20181006,26.26,0.0,58.07
20181007,24.55,0.0,55.66
20181008,24.4,0.0,56.39
20181009,23.49,0.0,60.58
20181010,23.33,0.01,57.86
20181011,23.26,0.0,57.86
20181012,23.29,0.0,57.8
20181013,22.89,0.0,55.2
20181014,22.98,0.0,57.39
20181015,23.0,0.0,58.59
20181016,23.21,0.0,59.76
20181017,23.27,0.0,62.62
20181018,22.58,2.45,61.6
20181019,21.8,4.88,65.22
20181020,22.71,0.37,63.05
20181021,24.53,0.55,50.43
20181022,25.16,0.0,39.93
20181023,25.13,0.0,47.35
20181024,25.82,0.0,45.29
20181025,22.97,0.0,48.17
20181026,20.35,0.03,50.74
20181027,19.21,0.0,55.33
20181028,20.14,0.0,49.93
20181029,20.55,0.0,48.64
20181030,21.47,0.0,51.41
20181031,21.35,0.0,54.81
20181101,22.35,0.0,55.77
20181102,21.65,0.02,47.17
20181103,21.11,0.0,52.88
20181104,20.77,0.0,62.18
20181105,19.9,0.03,60.61
20181106,20.11,0.01,59.47
20181107,20.33,0.0,59.25
20181108,19.39,0.04,66.28
20181109,19.24,0.4,66.48
20181110,19.49,0.13,56.97
20181111,19.57,0.0,50.69
20181112,19.0,0.0,61.94
20181113,18.44,0.13,63.82
20181114,17.97,0.44,65.52
20181115,18.22,0.27,66.24
20181116,17.36,0.44,65.29
20181117,18.2,0.0,57.82
20181118,18.72,0.0,64.6
20181119,19.04,0.0,60.77
20181120,19.02,0.0,60.03
20181121,19.57,0.0,53.14
20181122,20.23,0.03,47.92
20181123,17.71,2.43,72.04
20181124,18.32,1.16,66.8
20181125,16.57,0.02,73.67
20181126,16.85,0.0,61.85
20181127,19.08,0.0,47.96
20181128,18.39,0.0,47.63
20181129,17.83,0.0,50.66
20181130,15.9,0.03,51.46
20181201,15.32,0.25,65.19
20181202,15.65,0.02,65.53
20181203,15.11,0.85,69.8
20181204,14.41,0.0,56.25
20181205,13.38,5.87,75.33
20181206,14.56,0.81,75.01
20181207,13.4,0.08,65.92
20181208,12.96,0.0,65.14
20181209,12.66,0.0,65.49
20181210,13.48,0.0,67.95
20181211,14.17,0.0,65.49
20181212,14.79,0.0,63.93
20181213,13.94,0.0,70.83
20181214,14.18,0.0,63.61
20181215,15.22,0.0,60.49
20181216,14.14,0.0,47.48
20181217,13.35,0.01,62.95
20181218,12.92,0.0,63.15
20181219,14.13,0.0,60.39
20181220,13.81,0.17,70.43
20181221,13.87,0.01,66.19
20181222,13.13,0.0,69.51
20181223,12.74,0.0,73.48
20181224,13.88,0.11,75.38
20181225,13.42,0.07,71.25
20181226,14.29,0.0,61.05
20181227,12.69,0.25,61.42
20181228,11.87,0.13,69.63
20181229,12.57,0.29,74.12
20181230,12.27,0.04,72.66
20181231,12.75,0.0,59.25
20190101,11.77,0.0,53.19
20190102,11.22,0.12,54.81
20190103,11.0,0.01,64.61
20190104,11.88,0.0,50.44
20190105,11.53,0.0,47.9
20190106,8.94,0.0,56.75
20190107,8.23,0.06,63.46
20190108,9.54,0.07,65.94
20190109,8.6,0.01,64.7
20190110,10.43,0.0,49.53
20190111,11.16,0.0,55.81
20190112,12.61,0.0,36.69
20190113,10.88,0.02,49.18
20190114,11.11,0.11,58.1
20190115,9.89,0.0,44.36
20190116,9.37,1.05,52.18
20190117,9.52,0.03,71.47
20190118,10.81,0.01,68.59
20190119,10.84,0.0,69.21
20190120,11.55,0.0,68.35
20190121,14.7,0.0,44.56
20190122,12.57,0.0,54.32
20190123,13.3,0.0,56.36
20190124,13.26,0.0,28.86
20190125,13.31,0.0,31.53
20190126,14.82,0.0,28.27
20190127,10.4,0.0,43.15
20190128,11.03,0.01,59.31
20190129,12.19,0.0,44.89
20190130,11.84,0.0,36.6
20190131,11.77,0.0,34.62
20190201,13.4,0.0,32.2
20190202,13.01,0.0,50.48
20190203,13.8,0.0,59.85
20190204,17.33,0.0,35.02
20190205,19.31,0.54,48.2
20190206,13.4,2.02,44.37
20190207,12.13,0.0,44.82
20190208,12.57,0.0,60.93
20190209,12.66,0.02,67.52
20190210,11.98,0.25,71.26
20190211,11.81,0.0,69.37
20190212,12.25,0.03,62.0
20190213,13.15,0.0,46.67
20190214,11.35,0.0,48.1
20190215,10.89,1.89,61.97
20190216,10.94,0.02,62.63
20190217,11.06,0.01,51.97
20190218,11.34,0.01,57.05
20190219,11.9,0.01,67.89
20190220,12.84,0.0,62.78
20190221,12.31,0.0,66.27
20190222,12.59,0.0,66.42
20190223,13.69,0.0,51.77
20190224,14.55,0.0,38.84
20190225,18.27,0.0,32.97
20190226,14.15,0.0,44.55
20190227,13.98,0.23,65.12
20190228,11.71,0.4,62.84
20190301,12.46,0.1,58.71
20190302,12.92,0.02,51.9
20190303,13.27,0.03,45.89
20190304,14.0,0.17,65.51
20190305,13.0,4.73,71.89
20190306,12.86,0.11,68.09
20190307,13.69,0.01,66.98
20190308,14.4,0.0,65.02
20190309,14.95,0.0,60.57
20190310,14.98,0.0,59.27
20190311,15.13,0.0,55.54
20190312,17.16,0.0,38.47
20190313,15.84,0.0,29.96
20190314,14.34,0.26,60.18
20190315,15.61,0.0,50.51
20190316,13.49,0.39,62.79
20190317,14.36,0.0,59.51
20190318,15.67,0.0,55.47
20190319,16.91,0.0,58.17
20190320,16.5,0.0,64.36
20190321,17.47,0.0,58.82
20190322,18.1,0.01,50.4
20190323,19.22,0.0,42.12
20190324,16.78,0.06,62.7
20190325,14.15,0.02,51.17
20190326,14.86,0.0,55.99
20190327,16.24,0.15,57.2
20190328,18.47,0.0,39.61
20190329,22.07,0.03,25.11
20190330,15.47,2.15,57.51
20190331,13.19,1.24,61.18
20190401,14.47,0.02,56.21
20190402,16.4,0.0,50.51
20190403,18.84,0.01,46.5
20190404,16.95,0.1,60.67
20190405,17.09,0.02,55.84
20190406,20.56,0.0,38.11
20190407,22.98,0.0,35.83
20190408,21.58,0.0,47.59
20190409,19.87,0.0,41.73
20190410,18.73,0.0,48.99
20190411,18.88,0.0,48.98
20190412,18.81,0.02,52.44
20190413,24.13,0.02,37.8
20190414,21.71,0.0,44.0
20190415,17.7,1.11,60.43
20190416,18.61,0.0,54.46
20190417,17.25,0.0,57.68
20190418,17.09,0.0,48.56
20190419,17.16,0.0,49.19
20190420,16.14,0.0,56.25
20190421,15.4,0.0,52.34
20190422,15.55,0.0,53.63
20190423,17.69,0.0,47.5
20190424,19.64,0.0,47.89
20190425,21.77,0.0,40.66
20190426,23.21,0.0,39.97
20190427,23.63,0.0,33.57
20190428,25.99,0.0,24.83
20190429,25.05,0.0,34.8
20190430,25.53,0.0,35.65
20190501,28.95,0.0,22.23
20190502,26.58,0.04,39.42
20190503,22.54,0.0,42.1
20190504,21.39,0.0,40.82
20190505,25.62,0.0,35.78
20190506,26.18,0.0,25.22
20190507,21.47,0.0,48.52
20190508,20.69,0.0,48.42
20190509,19.3,0.0,50.36
20190510,20.71,0.0,39.24
20190511,24.75,0.0,29.62
20190512,27.97,0.0,21.99
20190513,28.7,0.0,22.96
20190514,28.96,0.0,23.49
20190515,30.27,0.0,16.82
20190516,31.52,0.0,19.2
20190517,25.88,0.0,37.38
20190518,27.24,0.0,21.76
20190519,25.32,0.0,35.11
20190520,26.7,0.0,33.68
20190521,29.57,0.0,26.68
20190522,33.09,0.0,14.79
20190523,35.08,0.0,12.12
20190524,30.29,0.0,33.77
20190525,27.05,0.0,37.56
20190526,26.37,0.0,35.94
20190527,26.4,0.0,36.67
20190528,28.05,0.0,34.27
20190529,28.84,0.0,32.57
20190530,29.62,0.0,39.04
20190531,29.79,0.0,38.52
20190601,29.96,0.0,35.79
20190602,29.49,0.0,35.95
20190603,30.13,0.0,37.86
20190604,28.82,0.0,38.74
20190605,27.6,0.0,44.67
20190606,29.57,0.0,37.38
20190607,27.51,0.0,41.44
20190608,26.17,0.0,49.84
20190609,27.34,0.0,46.2
20190610,28.83,0.0,38.75
20190611,30.57,0.0,31.45
20190612,28.45,0.0,41.88
20190613,27.69,0.0,42.89
20190614,27.92,0.0,45.57
20190615,28.89,0.0,39.98
20190616,28.33,0.0,48.26
20190617,29.11,0.0,45.04
20190618,30.42,0.0,39.18
20190619,31.56,0.0,29.07
20190620,31.02,0.0,32.2
20190621,29.31,0.0,40.85
20190622,28.74,0.0,47.15
20190623,29.44,0.0,47.47
20190624,30.16,0.0,43.67
20190625,31.87,0.0,37.88
20190626,32.78,0.0,32.64
20190627,32.42,0.0,35.32
20190628,30.51,0.0,46.99
20190629,30.05,0.0,47.38
20190630,30.1,0.0,47.9
20190701,31.02,0.0,44.85
20190702,31.44,0.0,36.53
20190703,30.71,0.0,34.74
20190704,29.54,0.0,35.97
20190705,28.69,0.0,40.43
20190706,30.27,0.0,45.61
20190707,29.67,0.0,44.94
20190708,29.54,0.0,43.43
20190709,30.22,0.0,39.37
20190710,30.89,0.0,42.71
20190711,31.94,0.0,43.04
20190712,32.73,0.0,37.19
20190713,29.71,0.0,43.58
20190714,29.52,0.0,39.9
20190715,30.29,0.0,41.15
20190716,32.91,0.0,34.94
20190717,34.33,0.0,29.86
20190718,31.11,0.0,43.31
20190719,29.91,0.0,44.88
20190720,28.74,0.0,45.04
20190721,28.2,0.0,49.6
20190722,29.85,0.0,47.08
20190723,30.46,0.0,46.43
20190724,29.66,0.0,44.43
20190725,29.6,0.0,47.24
20190726,30.1,0.0,48.59
20190727,29.11,0.0,48.5
20190728,28.84,0.0,45.24
20190729,30.11,0.0,39.98
20190730,31.37,0.0,37.32
20190731,31.06,0.0,45.41
20190801,30.43,0.0,45.03
20190802,30.8,0.0,43.51
20190803,31.53,0.0,38.75
20190804,31.53,0.0,46.98
20190805,30.73,0.0,50.04
20190806,29.17,0.0,48.23
20190807,29.0,0.0,49.84
20190808,30.24,0.0,44.92
20190809,30.31,0.0,42.12
20190810,30.26,0.0,30.66
20190811,30.14,0.0,35.08
20190812,30.67,0.0,32.98
20190813,30.59,0.0,37.21
20190814,31.61,0.0,31.16
20190815,33.54,0.0,28.21
20190816,32.42,0.0,38.67
20190817,30.51,0.0,45.14
20190818,29.2,0.0,50.53
20190819,28.06,0.0,46.35
20190820,29.56,0.0,48.46
20190821,29.71,0.0,44.8
20190822,29.14,0.0,44.38
20190823,29.07,0.0,45.42
20190824,30.05,0.0,45.86
20190825,30.81,0.0,43.88
20190826,30.72,0.0,43.79
20190827,30.37,0.0,42.25
20190828,29.91,0.0,48.77
20190829,30.19,0.0,50.8
20190830,29.92,0.0,47.71
20190831,29.36,0.0,46.7
20190901,29.58,0.0,47.41
20190902,29.05,0.0,47.25
20190903,27.78,0.0,50.39
20190904,28.09,0.0,49.88
20190905,29.17,0.0,47.45
20190906,31.09,0.0,39.61
20190907,28.95,0.0,46.33
20190908,27.92,0.0,54.71
20190909,27.5,0.0,52.03
20190910,27.34,0.0,50.7
20190911,26.96,0.0,51.74
20190912,27.06,0.0,53.01
20190913,27.39,0.0,57.15
20190914,26.84,0.0,51.82
20190915,27.5,0.0,53.72
20190916,27.69,0.0,53.97
20190917,27.73,0.0,49.17
20190918,26.72,0.0,49.19
20190919,27.27,0.0,57.84
20190920,26.78,0.0,51.24
20190921,25.99,0.0,56.77
20190922,26.79,0.0,58.1
20190923,26.49,0.0,57.27
20190924,25.66,0.0,53.82
20190925,25.53,0.0,45.81
20190926,28.41,0.0,36.72
20190927,27.47,0.0,55.86
20190928,26.47,0.0,56.35
20190929,25.61,0.0,56.62
20190930,24.89,0.0,55.72
20191001,24.3,0.0,57.93
20191002,25.54,0.0,51.24
20191003,27.32,0.0,41.76
20191004,27.76,0.0,42.05
20191005,27.15,0.0,39.64
20191006,25.82,0.01,54.7
20191007,25.31,0.0,52.84
20191008,26.79,0.0,48.46
20191009,26.32,0.0,50.75
20191010,24.99,0.0,59.12
20191011,25.33,0.0,54.3
20191012,26.06,0.0,53.46
20191013,26.62,0.02,57.79
20191014,26.62,0.03,56.39
20191015,25.98,0.01,58.81
20191016,25.1,0.01,59.59
20191017,24.74,0.0,57.85
20191018,24.55,0.2,59.63
20191019,25.23,0.13,56.76
20191020,27.12,0.0,39.86
20191021,27.36,0.0,37.09
20191022,23.87,3.11,61.67
20191023,21.01,11.77,72.15
20191024,20.51,0.05,64.2
20191025,20.57,0.59,72.2
20191026,22.21,0.52,73.14
20191027,21.66,0.03,70.02
20191028,20.84,0.0,65.19
20191029,20.35,0.0,66.59
20191030,21.03,0.0,69.1
20191031,20.47,0.0,65.99
20191101,20.32,0.0,64.8
20191102,21.98,0.0,47.19
20191103,22.32,0.0,50.83
20191104,21.93,0.0,59.92
20191105,21.23,0.0,66.55
20191106,21.3,0.0,69.09
20191107,22.76,0.0,63.04
20191108,22.17,0.0,54.71
20191109,21.59,0.0,63.47
20191110,21.68,0.0,67.82
20191111,22.99,0.0,62.69
20191112,24.02,0.0,37.68
20191113,24.32,0.0,45.85
20191114,23.25,0.0,42.58
20191115,20.75,0.09,66.18
20191116,19.81,0.02,65.98
20191117,19.87,0.0,66.89
20191118,21.25,0.0,46.42
20191119,18.79,0.0,34.66
20191120,16.16,0.0,36.02
20191121,16.25,0.0,43.39
20191122,18.21,0.0,43.78
20191123,17.51,0.0,63.18
20191124,18.03,0.0,57.4
20191125,20.58,0.0,40.38
20191126,19.55,0.0,34.71
20191127,16.42,0.0,41.84
20191128,17.34,0.0,63.73
20191129,17.6,0.0,67.4
20191130,17.06,0.0,67.85
20191201,17.37,0.0,69.93
20191202,16.55,4.82,67.06
20191203,15.46,0.0,65.03
20191204,15.6,0.0,64.54
20191205,16.79,3.94,72.67
20191206,16.89,16.65,73.36
20191207,15.76,0.23,65.22
20191208,15.14,0.98,76.33
20191209,15.57,0.45,76.26
20191210,16.42,0.11,64.3
20191211,13.89,0.0,62.76
20191212,13.19,1.42,66.53
20191213,13.17,0.0,63.18
20191214,12.55,0.0,54.32
20191215,12.48,2.62,63.64
20191216,13.28,0.05,77.38
20191217,13.99,0.0,77.95
20191218,13.69,0.0,76.33
20191219,13.73,0.0,61.9
20191220,13.25,0.0,51.06
20191221,12.69,0.0,60.28
20191222,13.39,1.24,76.18
20191223,12.66,0.0,65.83
20191224,12.62,0.0,56.15
20191225,12.81,0.95,62.07
20191226,13.12,0.12,58.98
20191227,11.76,0.35,68.88
20191228,11.32,0.05,68.24
20191229,12.31,0.0,57.63
20191230,11.25,0.09,60.16
20191231,10.55,0.07,71.44
20200101,11.3,0.01,69.35
20200102,10.45,0.08,58.35
20200103,10.29,0.33,65.88
20200104,10.55,2.12,71.11
20200105,9.6,0.0,64.44
20200106,10.72,0.01,62.28
20200107,10.38,0.06,61.7
20200108,9.88,0.25,67.93
20200109,9.51,5.9,81.41
20200110,11.3,1.73,78.28
20200111,12.04,0.0,69.56
20200112,12.68,0.0,65.22
20200113,11.81,0.0,70.45
20200114,12.96,0.04,73.84
20200115,15.34,0.11,65.94
20200116,13.66,0.0,62.32
20200117,12.89,3.06,80.18
20200118,11.75,1.61,78.16
20200119,11.4,1.02,76.07
20200120,11.95,0.06,71.08
20200121,11.05,0.27,66.02
20200122,10.6,0.09,69.39
20200123,10.74,0.02,72.45
20200124,11.82,0.18,64.86
20200125,9.46,0.0,64.49
20200126,9.87,0.0,66.91
20200127,11.22,0.0,71.16
20200128,12.06,0.0,69.11
20200129,12.12,0.09,74.65
20200130,12.11,0.0,65.84
20200131,11.73,0.0,66.25
20200201,10.93,0.0,70.27
20200202,11.87,0.0,72.57
20200203,12.32,0.0,72.52
20200204,13.47,0.0,70.23
20200205,13.88,0.0,60.38
20200206,13.83,0.0,49.58
20200207,12.21,0.57,51.77
20200208,10.44,1.15,70.36
20200209,9.86,0.3,67.35
20200210,10.57,0.04,62.7
20200211,11.38,0.05,68.3
20200212,12.75,0.0,62.89
20200213,15.06,0.0,57.95
20200214,14.66,0.01,72.58
20200215,15.02,0.06,70.04
20200216,14.21,0.25,72.6
20200217,13.84,0.29,71.64
20200218,12.92,1.06,75.0
20200219,12.1,1.26,77.08
20200220,12.82,0.0,65.27
20200221,13.16,0.01,57.4
20200222,12.42,0.24,70.52
20200223,12.88,1.62,68.82
20200224,11.28,12.35,82.65
20200225,12.3,0.12,74.22
20200226,14.39,0.0,64.46
20200227,17.23,0.0,47.59
20200228,18.31,0.0,48.98
20200229,14.34,0.02,70.68
20200301,13.38,0.0,65.24
20200302,13.54,0.0,65.92
20200303,14.41,0.21,63.76
20200304,16.73,0.02,47.14
20200305,18.4,0.0,40.04
20200306,15.18,0.35,63.3
20200307,15.64,0.07,64.68
20200308,17.4,0.58,56.45
20200309,18.73,0.07,43.54
20200310,14.86,0.69,65.58
20200311,17.44,1.47,66.88
20200312,15.39,48.5,88.51
20200313,15.3,19.41,82.54
20200314,16.89,1.42,76.97
20200315,18.34,0.0,61.62
20200316,18.73,0.0,53.89
20200317,13.81,0.39,69.53
20200318,13.17,0.0,62.46
20200319,12.13,0.0,66.72
20200320,10.78,0.41,68.49
20200321,11.98,0.01,64.95
20200322,13.67,0.37,57.46
20200323,18.64,0.0,42.92
20200324,17.32,0.0,59.79
20200325,16.12,0.06,65.71
20200326,19.72,0.0,49.7
20200327,19.35,0.0,59.42
20200328,16.49,0.0,60.23
20200329,17.45,0.0,47.53
20200330,20.45,0.0,37.92
20200331,20.46,0.0,37.51
20200401,17.24,0.0,65.36
20200402,17.06,0.0,62.41
20200403,20.05,0.0,46.98
20200404,23.47,0.0,33.08
20200405,20.8,0.0,44.18
20200406,17.93,0.01,64.03
20200407,16.76,0.0,60.32
20200408,16.59,0.0,61.52
20200409,16.45,0.05,63.59
20200410,15.42,0.01,66.01
20200411,16.05,0.0,63.17
20200412,17.46,0.0,55.43
20200413,17.26,0.0,54.91
20200414,17.6,0.0,55.85
20200415,20.29,0.0,52.64
20200416,19.91,0.0,46.52
20200417,18.89,0.0,58.55
20200418,19.98,0.0,59.49
20200419,20.18,0.0,57.36
20200420,20.23,0.0,57.0
20200421,23.4,0.0,40.43
20200422,24.25,1.75,35.39
20200423,20.29,29.46,61.49
20200424,21.48,13.18,55.41
20200425,17.03,40.97,75.1
20200426,17.55,0.49,69.4
20200427,19.68,0.0,63.11
20200428,20.4,0.0,62.03
20200429,17.41,0.0,66.69
20200430,19.17,0.0,59.62
20200501,22.18,0.0,53.4
20200502,20.56,0.0,60.79
20200503,21.63,0.0,55.24
20200504,22.82,0.0,52.45
20200505,19.09,0.0,64.97
20200506,18.93,0.01,63.47
20200507,21.12,0.0,51.25
20200508,24.09,0.0,45.01
20200509,20.87,0.07,62.8
20200510,19.86,0.0,60.47
20200511,21.29,0.0,55.26
20200512,23.46,0.0,51.55
20200513,22.77,0.0,50.62
20200514,24.17,0.0,46.19
20200515,25.52,0.0,53.61
20200516,27.88,0.0,51.41
20200517,29.26,0.0,43.25
20200518,29.42,0.0,45.87
20200519,30.98,0.0,38.27
20200520,31.66,0.0,27.89
20200521,31.73,0.0,30.42
20200522,25.94,0.0,53.14
20200523,23.18,0.0,56.16
20200524,20.96,0.0,49.77
20200525,21.59,0.0,49.16
20200526,23.46,0.0,44.42
20200527,23.05,0.0,52.88
20200528,22.03,0.0,53.9
20200529,21.3,0.0,51.7
20200530,20.86,0.0,50.86
20200531,22.31,0.13,47.67
20200601,26.87,0.0,36.03
20200602,24.24,0.02,53.11
20200603,24.16,0.0,48.69
20200604,25.48,0.0,47.56
20200605,24.72,0.0,48.62
20200606,25.99,0.0,47.34
20200607,30.71,0.0,28.31
20200608,26.17,0.0,49.97
20200609,26.49,0.0,44.45
20200610,29.48,0.0,32.55
20200611,27.76,0.0,38.04
20200612,28.93,0.0,29.27
20200613,29.77,0.0,28.05
20200614,26.18,0.0,42.37
20200615,26.54,0.0,40.57
20200616,28.39,0.0,36.39
20200617,31.52,0.0,28.43
20200618,26.43,0.0,49.48
20200619,26.47,0.0,50.28
20200620,27.34,0.02,46.15
20200621,31.27,0.0,29.9
20200622,28.84,0.0,38.82
20200623,29.35,0.0,36.84
20200624,28.19,0.0,45.1
20200625,27.02,0.0,47.47
20200626,28.26,0.0,48.2
20200627,29.04,0.0,44.29
20200628,29.63,0.0,42.84
20200629,28.88,0.0,43.33
20200630,27.55,0.0,42.45
20200701,28.43,0.0,40.45
20200702,30.77,0.0,31.66
20200703,31.08,0.0,35.57
20200704,31.11,0.0,33.16
20200705,30.37,0.0,39.85
20200706,30.27,0.0,37.85
20200707,31.9,0.0,29.26
20200708,30.42,0.0,43.65
20200709,29.19,0.0,49.4
20200710,30.47,0.0,44.23
20200711,30.36,0.0,45.93
20200712,29.46,0.0,46.54
20200713,29.29,0.0,47.79
20200714,30.08,0.0,40.98
20200715,30.21,0.0,45.82
20200716,27.69,0.0,49.4
20200717,27.61,0.0,48.72
20200718,28.06,0.0,45.1
20200719,29.39,0.0,44.83
20200720,30.39,0.0,41.7
20200721,29.28,0.0,47.44
20200722,29.56,0.0,51.1
20200723,30.42,0.0,49.86
20200724,30.43,0.0,43.27
20200725,30.25,0.0,39.04
20200726,29.98,0.0,43.72
20200727,29.69,0.0,44.05
20200728,30.53,0.0,43.15
20200729,31.22,0.0,40.97
20200730,31.69,0.0,41.11
20200731,31.87,0.0,44.2
20200801,30.55,0.0,39.01
20200802,30.63,0.0,36.45
20200803,31.38,0.0,47.86
20200804,31.45,0.0,36.73
20200805,29.55,0.0,41.83
20200806,30.36,0.0,43.4
20200807,32.06,0.0,38.94
20200808,31.55,0.0,48.73
20200809,30.15,0.0,49.02
20200810,30.72,0.0,43.86
20200811,30.16,0.0,47.24
20200812,29.66,0.0,48.76
20200813,30.14,0.0,44.86
20200814,30.7,0.0,46.17
20200815,30.58,0.0,46.77
20200816,30.82,0.0,42.53
20200817,30.43,0.0,42.28
20200818,29.44,0.0,50.45
20200819,28.46,0.0,48.84
20200820,28.81,0.0,45.71
20200821,29.01,0.0,48.88
20200822,29.04,0.0,49.63
20200823,29.98,0.0,46.15
20200824,30.35,0.0,42.2
20200825,30.65,0.0,41.89
20200826,29.53,0.0,41.54
20200827,28.24,0.0,48.34
20200828,29.49,0.0,51.57
20200829,29.68,0.0,50.48
20200830,31.18,0.0,48.22
20200831,30.6,0.0,46.73
20200901,30.16,0.0,43.54
20200902,30.41,0.0,34.49
20200903,30.31,0.0,47.31
20200904,31.81,0.0,51.2
20200905,31.34,0.0,50.8
20200906,30.45,0.0,47.77
20200907,30.3,0.0,53.52
20200908,30.25,0.0,53.88
20200909,29.76,0.0,51.88
20200910,29.08,0.0,53.84
20200911,29.35,0.0,48.93
20200912,29.83,0.0,47.75
20200913,29.35,0.0,48.66
20200914,28.83,0.0,50.85
20200915,28.9,0.0,50.43
20200916,28.78,0.0,50.67
20200917,29.88,0.0,52.62
20200918,30.18,0.0,49.57
20200919,29.64,0.0,55.48
20200920,28.81,0.0,53.07
20200921,29.31,0.0,43.82
20200922,29.09,0.0,52.08
20200923,27.77,0.0,56.22
20200924,26.84,0.0,54.25
20200925,27.71,0.0,56.27
20200926,27.66,0.0,47.86
20200927,28.1,0.0,53.05
20200928,29.53,0.0,52.35
20200929,30.03,0.0,51.83
20200930,29.48,0.0,53.81
20201001,27.88,0.0,53.94
20201002,26.83,0.0,53.13
20201003,26.12,0.0,54.41
20201004,25.92,0.0,54.21
20201005,25.78,0.0,55.37
20201006,26.2,0.0,55.78
20201007,27.85,0.0,50.35
20201008,29.73,0.0,41.52
20201009,28.41,0.0,51.63
20201010,26.72,0.0,61.15
20201011,25.86,0.0,57.94
20201012,25.29,0.0,56.83
20201013,25.26,0.0,55.75
20201014,25.45,0.0,58.22
20201015,26.03,0.0,59.98
20201016,24.64,0.0,60.29
20201017,23.41,0.0,57.41
20201018,23.64,0.03,60.25
20201019,25.45,0.09,57.94
20201020,25.84,0.06,61.1
20201021,25.23,0.15,64.04
20201022,25.23,0.02,59.25
20201023,25.11,0.0,56.58
20201024,23.79,0.08,56.09
20201025,22.84,0.0,54.63
20201026,23.86,0.03,62.37
20201027,23.96,0.11,64.3
20201028,23.82,0.04,64.23
20201029,24.71,0.0,55.93
20201030,24.44,0.01,58.23
20201031,23.38,0.12,62.69
20201101,22.74,0.27,59.2
20201102,21.79,0.03,57.79
20201103,20.72,0.16,60.88
20201104,21.08,0.03,55.57
20201105,20.36,0.09,61.32
20201106,20.39,0.57,58.72
20201107,19.6,0.2,64.74
20201108,20.24,0.14,54.12
20201109,20.13,0.18,60.58
20201110,19.28,0.0,61.8
20201111,18.67,0.0,51.12
20201112,19.82,0.0,56.89
20201113,20.36,0.0,57.92
20201114,19.91,0.61,73.05
20201115,18.3,0.03,65.2
20201116,18.63,0.04,62.85
20201117,18.39,0.0,61.75
20201118,18.8,0.0,65.76
20201119,18.64,0.0,67.49
20201120,16.36,6.27,71.5
20201121,15.4,0.08,68.89
20201122,17.02,0.0,64.18
20201123,17.68,0.12,74.67
20201124,19.01,0.15,74.2
20201125,16.91,1.18,74.05
20201126,16.4,0.74,70.41
20201127,16.64,0.04,66.87
20201128,15.75,0.0,63.96
20201129,15.52,0.0,63.82
20201130,15.95,0.0,51.94
20201201,14.43,0.0,51.52
20201202,15.99,0.01,62.96
20201203,17.39,0.0,50.14
20201204,15.69,0.0,51.69
20201205,15.46,0.0,50.56
20201206,15.93,0.0,50.13
20201207,18.06,0.09,34.18
20201208,16.42,0.11,65.09
20201209,15.32,0.0,56.56
20201210,15.92,0.0,48.47
20201211,16.47,0.0,32.74
20201212,17.31,0.09,51.05
20201213,18.71,0.0,33.55
20201214,16.16,0.0,45.02
20201215,15.11,0.05,66.2
20201216,15.58,0.3,78.05
20201217,15.6,0.03,72.17
20201218,15.17,0.01,72.1
20201219,15.36,0.03,76.09
20201220,14.8,0.04,74.49
20201221,15.26,0.02,75.44
20201222,15.45,0.01,75.29
20201223,14.4,0.0,76.18
20201224,14.27,0.0,71.67
20201225,14.5,0.0,67.96
20201226,15.14,0.0,67.24
20201227,17.04,0.0,61.34
20201228,15.31,0.0,55.41
20201229,14.27,0.0,67.79
20201230,14.07,0.0,68.73
20201231,14.21,0.0,69.7
20210101,14.68,0.0,72.19
20210102,15.72,0.0,71.16
20210103,15.15,0.0,75.11
20210104,16.33,0.0,69.99
20210105,17.29,0.0,61.59
20210106,17.22,0.0,66.23
20210107,18.28,0.0,47.06
20210108,17.5,0.0,43.09
20210109,16.06,0.0,54.93
20210110,16.05,0.0,69.67
20210111,16.76,0.34,62.63
20210112,18.73,0.0,35.53
20210113,17.15,0.0,46.11
20210114,13.06,0.04,57.98
20210115,12.25,0.03,61.66
20210116,12.23,0.0,56.37
20210117,12.29,0.02,55.05
20210118,11.02,0.0,61.63
20210119,12.04,0.93,65.9
20210120,10.73,0.46,66.88
20210121,10.25,0.0,65.64
20210122,11.14,0.0,63.94
20210123,11.76,0.0,62.01
20210124,11.93,0.0,67.11
20210125,12.67,0.0,66.59
20210126,13.45,0.0,53.97
20210127,14.87,0.0,43.06
20210128,11.37,0.0,60.86
20210129,11.26,0.21,54.41
20210130,11.55,0.0,50.31
20210131,14.64,0.0,41.67
20210201,17.4,0.0,33.61
20210202,18.51,0.0,24.54
20210203,17.77,0.01,26.61
20210204,14.35,2.97,77.61
20210205,15.34,0.67,72.72
20210206,15.22,0.0,68.24
20210207,15.13,0.0,62.81
20210208,17.21,0.0,40.17
20210209,18.65,0.0,34.99
20210210,17.3,0.0,61.12
20210211,16.2,0.0,58.26
20210212,14.97,0.0,54.57
20210213,13.98,0.0,63.44
20210214,13.68,0.0,65.81
20210215,13.98,0.13,61.85
20210216,10.27,5.65,76.88
20210217,7.75,2.78,69.6
20210218,10.35,0.24,64.49
20210219,10.06,4.33,75.65
20210220,11.09,0.0,67.54
20210221,11.66,0.03,65.47
20210222,12.38,0.02,65.51
20210223,12.0,3.01,82.8
20210224,13.93,0.19,69.96
20210225,15.34,0.14,70.63
20210226,13.94,0.0,67.54
20210227,14.38,0.0,69.4
20210228,13.95,0.0,70.67
20210301,14.66,0.0,67.58
20210302,12.88,0.07,67.4
20210303,11.65,0.9,68.44
20210304,12.86,1.06,66.58
20210305,13.59,2.37,65.66
20210306,14.08,1.33,62.15
20210307,14.15,14.2,69.47
20210308,14.31,19.48,70.78
20210309,18.97,0.0,41.2
20210310,21.54,0.0,32.1
20210311,18.14,3.18,66.2
20210312,14.82,1.22,60.66
20210313,13.64,0.0,66.86
20210314,15.0,0.0,67.05
20210315,16.76,0.0,66.2
20210316,16.44,0.0,68.06
20210317,14.94,28.66,64.87
20210318,15.12,0.02,67.17
20210319,15.22,0.38,64.09
20210320,20.02,0.09,50.49
20210321,22.91,8.73,47.95
20210322,23.19,0.0,51.29
20210323,20.9,0.0,49.12
20210324,14.1,0.01,59.9
20210325,12.96,0.05,69.06
20210326,11.85,0.26,70.29
20210327,12.0,0.16,61.19
20210328,13.52,0.42,64.51
20210329,13.6,3.0,65.21
20210330,14.11,7.02,68.69
20210331,13.02,11.4,73.47
20210401,13.72,0.0,61.24
20210402,13.26,0.0,69.1
20210403,14.56,0.0,62.28
20210404,17.22,0.0,48.07
20210405,18.9,0.0,42.37
20210406,21.6,0.0,41.25
20210407,22.75,0.0,39.22
20210408,18.66,1.11,65.23
20210409,15.98,0.58,66.8
20210410,13.03,0.0,53.93
20210411,13.63,0.0,57.58
20210412,14.34,0.0,59.57
20210413,15.37,0.0,56.01
20210414,17.14,0.56,57.15
20210415,19.32,1.19,52.98
20210416,22.49,0.0,36.46
20210417,23.72,0.01,33.81
20210418,29.0,0.0,27.51
20210419,28.2,0.0,34.78
20210420,23.61,0.0,53.67
20210421,19.73,0.0,50.83
20210422,19.3,0.0,54.73
20210423,19.42,0.0,53.49
20210424,20.89,0.0,53.23
20210425,24.67,0.0,35.23
20210426,20.09,0.3,62.44
20210427,19.96,0.17,54.22
20210428,22.15,0.02,46.45
20210429,25.48,0.0,42.4
20210430,26.94,0.0,34.03
20210501,27.28,0.0,26.2
20210502,27.26,0.0,31.42
20210503,28.27,0.0,30.91
20210504,29.86,0.0,27.62
20210505,29.4,0.0,32.63
20210506,28.33,0.0,28.56
20210507,28.74,0.0,30.19
20210508,30.25,0.0,25.05
20210509,30.51,0.0,27.03
20210510,26.04,0.0,49.75
20210511,24.59,0.0,49.51
20210512,23.73,0.0,44.83
20210513,24.5,0.0,37.75
20210514,25.12,0.0,36.68
20210515,25.87,0.0,36.57
20210516,28.7,0.0,28.52
20210517,25.06,0.0,46.58
20210518,25.36,0.0,44.95
20210519,26.38,0.0,42.44
20210520,26.97,0.0,40.23
20210521,26.07,0.0,37.67
20210522,23.32,0.0,48.61
20210523,23.93,0.0,47.77
20210524,25.34,0.0,44.56
20210525,25.98,0.0,42.59
20210526,27.87,0.0,32.21
20210527,28.46,0.0,34.19
20210528,26.98,0.0,37.51
20210529,25.96,0.0,42.96
20210530,28.9,0.0,28.56
20210531,31.54,0.0,21.79
20210601,27.63,0.0,36.62
20210602,26.08,0.0,42.54
20210603,24.95,0.0,42.66
20210604,24.23,0.0,47.15
20210605,24.73,0.0,47.85
20210606,24.8,0.0,48.06
20210607,25.11,0.0,45.13
20210608,26.64,0.0,40.13
20210609,30.53,0.0,26.63
20210610,29.43,0.0,38.29
20210611,28.95,0.0,37.97
20210612,29.73,0.0,36.07
20210613,28.45,0.0,42.07
20210614,26.31,0.0,45.22
20210615,26.57,0.0,43.85
20210616,26.06,0.0,47.27
20210617,25.82,0.0,47.03
20210618,26.61,0.0,45.26
20210619,27.19,0.0,39.79
20210620,28.77,0.0,34.22
20210621,29.69,0.0,32.26
20210622,29.45,0.0,39.44
20210623,29.43,0.0,39.74
20210624,30.18,0.0,41.12
20210625,29.56,0.0,47.88
20210626,30.07,0.0,46.57
20210627,31.88,0.0,38.35
20210628,32.05,0.0,40.44
20210629,31.67,0.0,44.33
20210630,31.94,0.0,38.02
20210701,32.52,0.0,34.2
20210702,32.96,0.0,30.56
20210703,31.68,0.0,34.68
20210704,29.23,0.0,48.03
20210705,28.69,0.0,44.18
20210706,29.36,0.0,41.31
20210707,30.52,0.0,36.33
20210708,30.72,0.0,42.45
20210709,31.08,0.0,38.91
20210710,30.58,0.0,49.4
20210711,30.75,0.0,45.18
20210712,31.05,0.0,41.63
20210713,30.34,0.0,38.98
20210714,29.56,0.0,40.67
20210715,30.75,0.0,40.92
20210716,31.66,0.0,42.22
20210717,32.17,0.0,34.26
20210718,31.98,0.0,39.24
20210719,32.22,0.0,41.49
20210720,33.1,0.0,33.36
20210721,31.72,0.0,36.48
20210722,30.52,0.0,45.2
20210723,29.68,0.0,48.16
20210724,28.74,0.0,47.33
20210725,29.32,0.0,51.12
20210726,30.29,0.0,44.68
20210727,30.37,0.0,39.65
20210728,30.22,0.0,43.05
20210729,30.56,0.0,44.94
20210730,30.95,0.0,42.31
20210731,31.26,0.0,34.56
20210801,32.1,0.0,30.63
20210802,32.14,0.0,35.11
20210803,32.82,0.0,30.07
20210804,34.26,0.0,26.03
20210805,34.99,0.0,23.8
20210806,34.25,0.0,24.62
20210807,32.8,0.0,35.59
20210808,30.85,0.0,46.15
20210809,30.99,0.0,49.16
20210810,31.15,0.0,45.07
20210811,31.38,0.0,43.74
20210812,31.77,0.0,43.96
20210813,31.8,0.0,39.34
20210814,30.55,0.0,44.66
20210815,31.0,0.0,47.1
20210816,30.11,0.0,47.86
20210817,28.9,0.0,48.79
20210818,28.51,0.0,47.41
20210819,29.42,0.0,49.37
20210820,29.91,0.0,47.41
20210821,30.71,0.0,48.47
20210822,30.69,0.0,48.04
20210823,29.87,0.0,49.89
20210824,29.42,0.0,47.59
20210825,29.39,0.0,47.57
20210826,30.06,0.0,51.82
20210827,30.5,0.0,47.94
20210828,30.54,0.0,44.92
20210829,31.4,0.0,41.2
20210830,31.16,0.0,46.27
20210831,29.92,0.0,47.0
20210901,29.45,0.0,50.44
20210902,29.18,0.0,51.02
20210903,28.37,0.0,53.31
20210904,29.14,0.0,52.08
20210905,28.83,0.0,50.82
20210906,28.14,0.0,52.06
20210907,28.78,0.0,47.73
20210908,31.86,0.0,37.0
20210909,30.4,0.0,45.28
20210910,26.96,0.0,56.65
20210911,26.5,0.0,55.67
20210912,27.7,0.0,47.92
20210913,30.92,0.0,37.38
20210914,29.57,0.0,48.91
20210915,28.17,0.0,50.71
20210916,26.44,0.0,52.0
20210917,27.18,0.0,50.05
20210918,28.2,0.0,53.06
20210919,28.48,0.0,48.23
20210920,29.1,0.0,47.68
20210921,29.08,0.0,50.01
20210922,28.24,0.0,51.96
20210923,27.35,0.0,53.94
20210924,25.22,0.0,52.97
20210925,24.81,0.0,51.43
20210926,26.09,0.0,55.82
20210927,25.39,0.0,52.05
20210928,25.28,0.0,56.9
20210929,25.78,0.0,57.98
20210930,26.25,0.0,58.47
20211001,25.31,0.0,54.83
20211002,24.77,0.0,57.14
20211003,24.41,0.0,57.16
20211004,24.14,0.0,56.59
20211005,23.58,0.0,56.56
20211006,23.53,0.0,55.76
20211007,23.72,0.0,56.45
20211008,24.22,0.05,56.61
20211009,24.28,0.05,57.03
20211010,24.23,0.35,57.14
20211011,25.8,0.26,52.59
20211012,26.46,0.13,53.98
20211013,25.7,0.03,57.49
20211014,25.27,0.0,58.48
20211015,25.45,0.0,49.4
20211016,26.59,0.0,32.7
20211017,24.63,0.0,52.41
20211018,22.68,0.0,57.65
20211019,22.47,0.0,56.14
20211020,22.29,0.0,56.52
20211021,21.46,0.0,57.08
20211022,21.6,0.0,63.34
20211023,21.83,0.0,60.29
20211024,20.6,0.0,60.42
20211025,21.25,0.0,60.43
20211026,22.02,0.0,62.55
20211027,24.58,0.0,54.35
20211028,25.77,0.0,36.94
20211029,23.83,0.0,58.52
20211030,23.61,0.24,58.54
20211031,25.35,0.32,45.61
20211101,24.03,0.0,40.13
20211102,22.13,0.0,59.69
20211103,23.24,0.0,47.14
20211104,22.15,0.0,68.74
20211105,22.87,0.0,65.83
20211106,22.87,0.0,63.63
20211107,22.62,0.32,63.73
20211108,22.77,0.42,56.49
20211109,22.73,0.05,44.34
20211110,21.53,0.2,62.18
20211111,20.16,0.1,67.74
20211112,20.41,0.0,56.98
20211113,21.52,0.0,54.09
20211114,21.77,0.0,61.76
20211115,20.9,0.01,68.86
20211116,19.9,0.01,76.86
20211117,20.25,0.26,70.97
20211118,19.33,0.12,72.01
20211119,18.62,0.3,69.01
20211120,16.1,6.96,76.6
20211121,15.0,6.8,82.51
20211122,16.9,2.33,77.9
20211123,17.8,0.41,73.15
20211124,17.39,1.84,72.54
20211125,18.27,0.0,64.93
20211126,18.26,0.01,58.7
20211127,20.91,0.02,51.0
20211128,21.54,0.0,39.9
20211129,23.4,0.0,34.06
20211130,20.21,0.0,48.86
20211201,17.42,0.08,68.7
20211202,15.39,0.0,67.7
20211203,16.0,0.0,63.12
20211204,16.05,0.0,56.66
20211205,14.68,0.03,59.23
20211206,16.17,0.0,67.63
20211207,14.66,0.0,63.8
20211208,12.8,0.01,53.66
20211209,13.92,0.0,70.29
20211210,16.13,0.0,54.35
20211211,15.89,0.02,60.51
20211212,15.73,0.04,79.65
20211213,16.57,0.24,81.44
20211214,14.4,0.01,71.13
20211215,11.93,0.0,59.53
20211216,12.02,0.02,70.58
20211217,12.69,0.19,71.8
20211218,11.06,0.0,61.63
20211219,11.67,0.74,61.39
20211220,9.78,2.43,73.23
20211221,10.2,0.31,70.16
20211222,11.12,0.32,79.08
20211223,11.41,0.9,85.76
20211224,11.58,0.19,73.73
20211225,10.98,0.01,67.01
20211226,11.04,0.01,74.44
20211227,12.67,0.19,76.44
20211228,13.33,0.27,75.51
20211229,13.03,0.27,64.12
20211230,13.41,0.41,61.12
20211231,12.94,3.79,78.66
20220101,12.2,0.51,76.69
20220102,12.18,0.33,80.83
20220103,12.91,0.4,79.94
20220104,12.02,0.15,75.24
20220105,12.67,0.0,62.56
20220106,13.52,0.04,64.18
20220107,12.99,2.3,62.75
20220108,13.44,0.0,50.9
20220109,11.02,0.0,57.85
20220110,10.59,0.04,57.88
20220111,11.45,0.0,45.08
20220112,11.89,0.0,41.09
20220113,12.09,0.44,66.25
20220114,11.09,0.44,73.44
20220115,9.82,0.03,68.17
20220116,9.84,5.37,73.04
20220117,9.88,5.84,71.53
20220118,8.14,0.0,62.45
20220119,8.49,7.16,64.86
20220120,7.62,0.0,65.74
20220121,8.15,0.0,62.79
20220122,8.61,0.0,63.21
20220123,9.29,0.7,74.17
20220124,8.75,1.37,71.19
20220125,7.71,0.0,62.53
20220126,6.67,3.64,79.41
20220127,7.09,2.25,80.65
20220128,8.99,1.51,72.4
20220129,9.3,0.06,74.16
20220130,10.43,0.0,63.16
20220131,10.01,0.8,75.24
20220201,11.78,0.24,68.51
20220202,11.76,0.0,51.76
20220203,10.74,0.01,54.78
20220204,9.8,0.93,74.44
20220205,9.81,0.17,75.82
20220206,11.57,0.01,68.41
20220207,12.42,0.0,55.88
20220208,13.55,0.0,47.68
20220209,10.44,0.12,64.58
20220210,9.88,0.0,71.66
20220211,11.17,0.0,72.86
20220212,12.27,0.0,72.38
20220213,12.69,0.0,74.37
20220214,11.99,0.0,73.5
20220215,11.97,0.24,74.04
20220216,11.97,0.0,69.79
20220217,11.39,0.17,80.27
20220218,12.63,2.82,78.6
20220219,11.38,4.22,77.01
20220220,12.61,0.0,68.86
20220221,15.11,0.0,57.52
20220222,16.82,0.0,44.71
20220223,16.41,0.01,47.24
20220224,11.5,1.83,71.97
20220225,12.18,0.02,71.29
20220226,12.24,0.0,68.08
20220227,12.8,0.0,64.99
20220228,13.88,0.0,63.77
20220301,15.81,0.0,55.84
20220302,18.38,0.0,53.62
20220303,13.13,0.0,65.3
20220304,12.87,0.0,63.97
20220305,16.14,0.0,50.83
20220306,19.74,0.0,42.51
20220307,16.44,0.17,65.88
20220308,16.55,0.59,59.85
20220309,15.57,0.04,69.76
20220310,12.81,0.01,62.99
20220311,11.08,0.01,60.22
20220312,9.54,0.12,62.01
20220313,9.1,0.86,61.62
20220314,8.9,0.0,58.62
20220315,9.59,0.03,59.08
20220316,10.43,0.0,56.07
20220317,11.39,0.01,53.97
20220318,13.12,0.37,69.8
20220319,12.83,0.01,63.99
20220320,11.77,24.88,52.77
20220321,11.6,10.68,63.4
20220322,10.58,0.94,66.89
20220323,10.56,0.17,62.88
20220324,10.22,0.64,68.87
20220325,11.58,0.74,68.24
20220326,13.51,0.0,62.37
20220327,14.05,0.05,62.8
20220328,14.33,0.0,64.08
20220329,16.95,0.0,61.32
20220330,17.28,0.0,54.67
20220331,19.09,0.0,35.11
20220401,20.65,0.0,41.8
20220402,23.87,0.0,34.61
20220403,20.45,0.0,51.59
20220404,21.5,0.0,38.51
20220405,26.88,0.0,25.71
20220406,25.74,0.0,31.06
20220407,25.69,0.0,37.0
20220408,21.72,0.0,43.92
20220409,19.28,0.0,57.79
20220410,20.98,0.0,52.74
20220411,19.05,0.0,56.14
20220412,16.58,0.0,55.19
20220413,17.14,0.0,56.27
20220414,17.75,0.0,53.39
20220415,19.13,0.0,50.27
20220416,22.5,0.0,42.09
20220417,28.91,0.0,23.24
20220418,22.41,0.0,47.48
20220419,20.46,0.0,50.34
20220420,18.33,0.0,56.69
20220421,18.88,0.0,55.75
20220422,18.79,0.0,58.87
20220423,20.44,0.0,54.0
20220424,22.63,0.0,42.66
20220425,24.15,0.0,56.08
20220426,23.89,0.0,44.84
20220427,23.01,0.0,39.4
20220428,22.72,0.0,35.52
20220429,27.22,0.0,21.28
20220430,24.01,0.0,34.89
20220501,22.95,0.0,47.14
20220502,23.95,0.0,28.57
20220503,24.9,0.0,37.97
20220504,21.48,0.0,55.28
20220505,19.63,0.0,56.28
20220506,20.44,0.0,48.19
20220507,21.28,0.0,40.02
20220508,25.51,0.0,22.61
20220509,26.32,0.0,25.55
20220510,23.99,0.0,42.18
20220511,22.96,0.0,43.98
20220512,23.45,0.0,44.02
20220513,25.0,0.0,39.07
20220514,25.26,0.0,44.43
20220515,23.5,0.0,48.51
20220516,21.37,0.0,52.86
20220517,24.51,0.0,43.46
20220518,25.69,0.0,37.11
20220519,27.23,0.0,30.7
20220520,28.9,0.0,29.26
20220521,24.56,0.0,50.07
20220522,22.53,0.0,43.18
20220523,24.73,0.0,33.5
20220524,26.22,0.0,42.49
20220525,26.66,0.0,39.71
20220526,26.71,0.0,42.69
20220527,28.12,0.0,42.62
20220528,28.9,0.0,37.31
20220529,29.83,0.0,26.24
20220530,31.34,0.0,21.52
20220531,28.96,0.0,35.72
20220601,26.29,0.0,46.73
20220602,26.61,0.0,49.54
20220603,28.04,0.0,42.72
20220604,29.6,0.0,36.49
20220605,30.6,0.0,36.38
20220606,29.09,0.0,41.33
20220607,28.98,0.0,38.68
20220608,30.38,0.0,37.38
20220609,33.22,0.0,23.77
20220610,32.89,0.0,28.97
20220611,34.32,0.0,28.23
20220612,29.08,0.0,37.14
20220613,27.61,0.0,46.0
20220614,29.2,0.0,41.06
20220615,28.76,0.0,47.4
20220616,29.12,0.0,49.17
20220617,29.35,0.0,48.46
20220618,28.69,0.0,46.31
20220619,27.92,0.0,44.2
20220620,27.57,0.0,48.32
20220621,26.88,0.0,46.45
20220622,27.76,0.0,47.27
20220623,29.79,0.0,44.8
20220624,31.52,0.0,39.29
20220625,29.32,0.0,44.48
20220626,29.13,0.0,43.59
20220627,28.98,0.0,44.92
20220628,28.29,0.0,46.11
20220629,29.17,0.0,43.28
20220630,28.98,0.0,44.79
20220701,29.11,0.0,45.68
20220702,29.83,0.0,40.91
20220703,30.48,0.0,41.44
20220704,31.02,0.0,38.75
20220705,30.53,0.0,36.12
20220706,29.53,0.0,38.21
20220707,29.07,0.0,42.52
20220708,28.97,0.0,47.86
20220709,29.83,0.0,45.62
20220710,29.38,0.0,48.07
20220711,28.89,0.0,49.45
20220712,29.75,0.0,48.86
20220713,28.23,0.0,49.63
20220714,27.26,0.0,48.19
20220715,27.69,0.0,45.98
20220716,27.81,0.0,42.7
20220717,29.36,0.0,46.72
20220718,30.97,0.0,43.02
20220719,32.0,0.0,39.34
20220720,31.79,0.01,43.61
20220721,30.12,0.0,43.82
20220722,29.96,0.18,43.96
20220723,29.99,0.24,40.24
20220724,30.82,1.32,45.32
20220725,30.78,0.08,42.23
20220726,30.85,0.03,34.19
20220727,30.14,0.03,36.25
20220728,31.06,0.0,30.47
20220729,30.97,0.01,33.21
20220730,30.21,0.0,38.75
20220731,30.72,0.0,44.92
20220801,30.93,0.18,48.52
20220802,30.01,0.06,49.87
20220803,29.69,0.02,46.99
20220804,30.06,0.0,48.71
20220805,30.28,0.0,46.93
20220806,30.0,0.0,46.4
20220807,29.72,0.0,39.8
20220808,30.91,0.0,37.3
20220809,31.05,0.0,39.64
20220810,30.37,0.0,45.6
20220811,30.13,0.0,44.5
20220812,29.63,0.0,46.52
20220813,29.16,0.0,48.57
20220814,29.84,0.03,50.09
20220815,29.46,0.0,51.2
20220816,29.64,0.27,50.42
20220817,29.03,0.15,48.4
20220818,29.52,0.03,49.43
20220819,29.88,0.0,44.6
20220820,31.17,0.0,44.67
20220821,31.08,0.0,37.7
20220822,31.55,0.0,45.01
20220823,32.51,0.0,36.51
20220824,33.35,0.0,33.71
20220825,31.06,0.0,50.85
20220826,29.86,0.0,44.18
20220827,30.15,0.0,41.52
20220828,30.15,0.0,51.25
20220829,30.08,0.13,53.23
20220830,30.04,0.58,53.62
20220831,29.58,0.29,53.09
20220901,29.44,0.0,50.09
20220902,29.5,0.0,50.61
20220903,29.45,0.0,52.43
20220904,29.11,0.0,51.93
20220905,28.73,0.0,53.73
20220906,28.26,0.0,54.55
20220907,28.55,0.0,54.96
20220908,29.25,0.0,52.8
20220909,29.14,0.0,51.63
20220910,28.5,0.0,47.03
20220911,28.36,0.0,46.4
20220912,29.26,0.0,51.38
20220913,28.49,0.0,51.96
20220914,27.31,0.0,46.33
20220915,26.38,0.0,47.85
20220916,26.32,0.0,42.13
20220917,27.05,0.0,50.5
20220918,27.53,0.04,47.35
20220919,27.68,0.58,52.0
20220920,26.9,3.32,55.81
20220921,25.51,0.0,53.02
20220922,28.25,0.0,41.61
20220923,28.77,0.0,50.84
20220924,28.54,0.0,47.41
20220925,29.02,0.0,49.94
20220926,29.68,0.0,45.98
20220927,29.25,0.0,47.89
20220928,28.8,0.0,43.93
20220929,29.79,0.0,36.38
20220930,30.2,0.0,46.09
20221001,29.75,0.0,52.3
20221002,28.7,0.0,53.28
20221003,27.13,0.0,59.89
20221004,25.4,0.0,52.66
20221005,25.75,0.0,57.37
20221006,25.11,0.0,52.58
20221007,23.51,0.0,48.78
20221008,23.36,0.0,48.62
20221009,23.37,0.0,54.64
20221010,23.56,0.0,61.34
20221011,24.07,0.0,62.0
20221012,23.76,0.0,62.11
20221013,23.56,0.0,60.74
20221014,22.82,0.0,57.7
20221015,25.02,0.0,43.9
20221016,24.67,0.01,44.13
20221017,23.82,0.01,57.1
20221018,22.85,0.0,59.01
20221019,22.92,0.01,61.43
20221020,23.57,0.06,60.24
20221021,23.12,0.08,63.06
20221022,23.15,0.31,59.53
20221023,22.45,0.86,57.56
20221024,21.79,0.09,59.38
20221025,21.45,3.42,70.12
20221026,22.57,0.51,64.59
20221027,22.68,0.27,66.39
20221028,22.87,0.01,59.09
20221029,22.23,0.02,59.91
20221030,21.7,0.04,59.84
20221031,21.14,0.01,58.9
20221101,20.43,0.19,57.38
20221102,19.96,0.0,63.62
20221103,20.45,0.0,63.84
20221104,20.28,0.0,61.48
20221105,19.57,0.0,56.11
20221106,19.46,0.0,53.93
20221107,19.78,0.0,44.28
20221108,19.56,0.2,67.86
20221109,19.09,0.03,64.54
20221110,18.45,0.0,59.51
20221111,19.4,0.01,64.42
20221112,19.96,0.03,64.15
20221113,20.8,0.18,67.83
20221114,20.26,0.12,63.88
20221115,18.28,0.0,60.41
20221116,17.94,0.03,57.58
20221117,18.39,0.0,61.8
20221118,19.0,0.0,52.12
20221119,18.78,0.0,63.01
20221120,19.54,0.0,63.36
20221121,19.54,0.0,49.32
20221122,18.89,0.02,69.43
20221123,17.97,0.01,67.97
20221124,17.14,0.0,52.46
20221125,17.42,0.0,51.73
20221126,16.44,0.0,66.29
20221127,15.46,0.0,67.12
20221128,16.2,0.0,60.1
20221129,16.33,0.0,51.79
20221130,18.02,0.0,47.96
20221201,17.22,0.0,40.35
20221202,18.07,0.0,50.91
20221203,18.75,0.03,69.89
20221204,17.63,0.0,67.93
20221205,16.81,0.03,67.16
20221206,16.65,0.08,66.63
20221207,15.91,0.0,65.48
20221208,17.27,0.0,46.09
20221209,18.51,0.0,35.92
20221210,16.39,0.0,46.85
20221211,16.72,0.0,45.4
20221212,17.25,0.0,45.47
20221213,17.12,0.0,72.38
20221214,17.64,0.0,52.68
20221215,17.73,0.0,50.6
20221216,17.44,0.0,66.62
20221217,18.06,0.24,72.89
20221218,17.86,0.26,66.38
20221219,17.02,0.26,71.77
20221220,16.22,0.18,74.33
20221221,15.39,0.27,70.41
20221222,15.38,7.8,73.87
20221223,14.65,7.8,80.23
20221224,14.09,0.98,74.5
20221225,14.47,5.91,75.3
20221226,14.39,0.44,74.46
20221227,13.45,0.0,69.21
20221228,12.59,0.0,62.75
20221229,13.11,0.0,63.69
20221230,14.69,0.63,74.2
20221231,13.78,0.01,73.86
20230101,14.71,0.06,76.77
20230102,14.61,0.18,77.2
20230103,13.95,0.38,79.83
20230104,14.35,0.39,78.11
20230105,13.09,0.05,74.68
20230106,13.45,0.0,64.4
20230107,14.29,0.02,61.11
20230108,13.47,0.7,69.9
20230109,12.56,1.15,78.54
20230110,14.28,0.01,63.7
20230111,13.18,0.0,60.98
20230112,11.78,0.34,62.6
20230113,12.42,0.01,61.55
20230114,13.17,0.31,64.06
20230115,12.74,0.01,65.94
20230116,11.2,0.36,63.41
20230117,12.21,0.0,62.16
20230118,12.78,0.0,60.77
20230119,13.9,0.01,61.36
20230120,13.48,0.0,50.74
20230121,13.06,2.45,78.34
20230122,13.02,9.47,78.84
20230123,13.76,20.53,82.76
20230124,14.2,34.09,81.6
20230125,12.82,5.16,80.0
20230126,12.71,3.02,74.67
20230127,15.33,0.0,45.25
20230128,14.76,0.0,51.99
20230129,13.92,0.12,73.12
20230130,12.87,0.03,71.84
20230131,10.62,1.74,68.12
20230201,10.3,3.23,71.94
20230202,10.73,0.01,68.86
20230203,11.64,0.01,71.04
20230204,11.26,0.09,70.4
20230205,11.25,0.0,59.9
20230206,9.73,0.46,64.75
20230207,8.32,0.16,71.99
20230208,8.57,2.04,79.21
20230209,9.23,0.0,64.07
20230210,10.19,0.0,70.97
20230211,10.28,3.33,79.15
20230212,10.43,0.26,71.46
20230213,9.82,0.26,73.27
20230214,9.66,0.56,75.54
20230215,10.08,0.06,73.88
20230216,11.44,0.06,72.23
20230217,11.59,0.02,74.25
20230218,12.09,0.0,72.69
20230219,12.32,0.01,73.87
20230220,12.7,0.0,72.38
20230221,13.42,0.0,68.31
20230222,13.12,0.0,74.85
20230223,13.85,0.0,67.66
20230224,14.45,0.0,66.5
20230225,15.9,0.0,62.09
20230226,15.7,0.0,61.44
20230227,15.95,0.0,70.99
20230228,19.18,0.0,50.33
20230301,21.64,0.0,31.14
20230302,21.26,0.0,31.6
20230303,18.09,0.0,61.16
20230304,19.88,0.0,49.6
20230305,21.14,0.0,39.81
20230306,15.84,0.0,66.11
20230307,15.02,0.0,65.4
20230308,14.64,0.0,63.16
20230309,17.32,0.0,45.38
20230310,18.93,0.0,37.93
20230311,18.65,0.0,58.23
20230312,19.21,0.0,43.63
20230313,18.46,0.11,54.68
20230314,14.65,3.79,74.77
20230315,14.51,0.06,59.68
20230316,16.62,0.0,37.16
20230317,16.7,0.01,47.19
20230318,14.87,0.1,64.91
20230319,14.09,0.18,67.76
20230320,14.73,0.42,68.97
20230321,16.28,0.03,63.17
20230322,18.3,0.0,50.08
20230323,21.07,0.03,39.97
20230324,21.52,0.17,39.88
20230325,18.3,0.96,71.95
20230326,16.47,0.04,64.66
20230327,18.32,0.0,56.19
20230328,19.7,0.01,53.33
20230329,16.68,0.02,60.73
20230330,14.09,0.01,52.44
20230331,14.26,0.05,56.7
20230401,15.82,0.0,53.7
20230402,18.6,0.0,39.24
20230403,20.6,0.0,33.75
20230404,21.31,0.0,27.98
20230405,18.75,0.0,46.24
20230406,18.67,0.0,50.35
20230407,23.15,0.0,34.44
20230408,23.91,0.0,49.16
20230409,23.69,0.0,48.55
20230410,22.05,0.0,56.05
20230411,17.73,1.22,57.22
20230412,14.59,1.88,66.16
20230413,17.05,0.0,54.68
20230414,20.0,0.0,49.79
20230415,21.73,0.0,45.6
20230416,21.2,0.0,44.73
20230417,24.36,0.0,33.4
20230418,27.04,0.0,25.27
20230419,24.86,0.0,45.91
20230420,20.4,0.0,52.89
20230421,20.1,0.0,52.66
20230422,21.81,0.0,47.22
20230423,22.01,0.0,42.89
20230424,22.62,0.0,43.38
20230425,23.02,0.0,40.57
20230426,24.3,0.0,34.14
20230427,24.53,0.0,35.84
20230428,20.37,0.0,54.03
20230429,18.24,0.0,50.81
20230430,18.54,0.0,48.41
20230501,20.37,0.0,39.18
20230502,22.05,0.24,44.55
20230503,23.05,0.03,40.41
20230504,26.12,0.15,37.22
20230505,24.65,0.0,32.18
20230506,22.82,0.0,50.01
20230507,21.74,0.0,54.31
20230508,21.61,0.0,52.69
20230509,22.37,0.0,51.79
20230510,24.09,0.0,45.54
20230511,27.8,0.0,36.49
20230512,24.63,0.05,49.53
20230513,22.92,0.08,51.38
20230514,23.38,0.07,47.59
20230515,24.45,0.03,46.92
20230516,26.92,0.01,43.39
20230517,28.2,0.0,34.66
20230518,23.11,0.0,50.69
20230519,22.27,0.0,50.09
20230520,23.8,0.0,47.55
20230521,28.74,0.0,27.02
20230522,25.93,0.0,37.06
20230523,26.75,0.0,37.67
20230524,26.76,0.0,39.16
20230525,26.72,0.0,38.35
20230526,27.04,0.0,38.5
20230527,29.15,0.15,31.17
20230528,26.87,0.0,42.78
20230529,25.99,0.0,45.66
20230530,27.66,0.0,41.72
20230531,29.56,0.0,32.28
20230601,31.35,0.38,31.39
20230602,33.9,0.0,24.14
20230603,28.56,0.0,42.68
20230604,26.92,0.0,43.33
20230605,26.21,0.0,39.49
20230606,26.87,0.0,38.25
20230607,29.98,0.01,36.42
20230608,31.46,0.01,33.83
20230609,31.49,0.0,31.55
20230610,28.98,0.16,46.62
20230611,28.96,0.0,33.66
20230612,29.62,0.45,34.41
20230613,31.59,0.03,37.18
20230614,27.84,0.07,46.86
20230615,28.31,0.0,44.38
20230616,31.38,0.0,29.01
20230617,30.02,0.0,39.41
20230618,28.57,0.0,38.58
20230619,26.74,0.0,46.03
20230620,27.36,0.0,50.74
20230621,28.37,0.0,49.04
20230622,28.18,0.0,49.95
20230623,29.92,0.0,43.71
20230624,30.53,0.0,38.24
20230625,29.34,0.0,34.72
20230626,28.56,0.0,28.96
20230627,29.48,0.0,41.05
20230628,29.64,0.0,44.18
20230629,29.47,0.0,43.33
20230630,29.38,0.0,46.46
20230701,29.33,0.0,45.83
20230702,29.66,0.0,39.02
20230703,31.39,0.0,32.22
20230704,31.83,0.0,32.94
20230705,29.06,0.0,47.52
20230706,29.48,0.0,47.65
20230707,30.43,0.0,44.12
20230708,30.48,0.0,51.12
20230709,29.39,0.0,52.37
20230710,30.04,0.0,48.76
20230711,30.42,0.0,46.7
20230712,30.26,0.0,43.32
20230713,30.57,0.0,37.2
20230714,31.84,0.0,35.41
20230715,31.9,0.0,34.0
20230716,33.25,0.0,34.7
20230717,33.51,0.0,34.94
20230718,32.07,0.0,41.66
20230719,31.27,0.0,42.99
20230720,32.47,0.0,33.04
20230721,31.99,0.0,30.82
20230722,32.77,0.0,34.49
20230723,33.87,0.0,39.68
20230724,33.83,0.0,42.58
20230725,32.68,0.0,42.64
20230726,33.61,0.0,40.78
20230727,34.96,0.0,29.77
20230728,33.82,0.0,36.87
20230729,30.65,0.0,41.69
20230730,29.75,0.0,45.39
20230731,30.41,0.0,46.62
20230801,30.94,0.0,40.14
20230802,31.95,0.0,34.52
20230803,31.2,0.0,36.08
20230804,31.43,0.0,35.23
20230805,32.48,0.0,25.24
20230806,35.05,0.0,22.56
20230807,33.39,0.0,36.96
20230808,30.71,0.0,46.26
20230809,29.58,0.0,46.99
20230810,30.09,0.0,48.32
20230811,29.91,0.0,52.11
20230812,29.92,0.0,50.7
20230813,30.15,0.0,52.21
20230814,30.05,0.0,51.1
20230815,29.8,0.0,51.58
20230816,29.71,0.0,53.53
20230817,30.47,0.0,50.04
20230818,30.68,0.0,46.52
20230819,30.27,0.0,45.07
20230820,29.8,0.0,47.86
20230821,29.99,0.0,50.36
20230822,30.2,0.0,48.4
20230823,30.28,0.0,44.13
20230824,30.28,0.0,51.55
20230825,31.07,0.0,49.31
20230826,31.7,0.0,47.37
20230827,32.22,0.0,40.04
20230828,30.87,0.0,42.27
20230829,29.66,0.0,47.11
20230830,30.83,0.0,44.94
20230831,31.96,0.0,43.09
20230901,30.02,0.0,49.77
20230902,29.43,0.0,52.36
20230903,28.91,0.0,52.06
20230904,28.34,0.0,50.08
20230905,30.44,0.0,38.63
20230906,31.84,0.0,29.64
20230907,34.25,0.0,23.51
20230908,32.67,0.0,30.01
20230909,31.68,0.0,36.77
20230910,31.85,0.0,36.52
20230911,31.78,0.0,34.46
20230912,29.85,0.0,46.9
20230913,28.97,0.0,50.24
20230914,27.86,0.0,51.66
20230915,28.17,0.0,48.7
20230916,27.62,0.0,45.59
20230917,29.01,0.0,48.5
20230918,28.39,0.0,54.32
20230919,27.76,0.0,54.54
20230920,27.81,0.0,52.75
20230921,28.66,0.0,54.12
20230922,29.22,0.0,50.46
20230923,28.54,0.0,50.38
20230924,29.43,0.0,47.06
20230925,29.03,0.0,44.39
20230926,28.71,0.0,46.62
20230927,29.32,0.0,37.64
20230928,29.91,0.01,41.52
20230929,29.91,0.02,48.63
20230930,29.27,0.0,51.0
20231001,26.59,0.0,53.25
20231002,24.37,0.01,57.18
20231003,25.42,0.0,52.05
20231004,25.64,0.15,53.31
20231005,27.29,0.0,54.79
20231006,26.61,0.0,55.15
20231007,25.66,0.0,53.66
20231008,26.13,0.0,51.3
20231009,26.46,0.0,56.57
20231010,24.93,0.0,57.12
20231011,24.74,0.0,56.2
20231012,24.91,0.0,59.06
20231013,25.34,0.03,61.98
20231014,24.24,0.01,56.56
20231015,24.0,0.0,52.05
20231016,23.44,0.0,59.03
20231017,23.66,0.0,58.61
20231018,23.65,0.0,58.52
20231019,24.12,0.0,54.84
20231020,24.61,0.0,43.11
20231021,23.89,0.0,55.0
20231022,24.26,0.0,65.48
20231023,24.86,0.0,64.28
20231024,24.91,0.0,64.27
20231025,25.61,0.0,60.02
20231026,26.93,0.0,49.26
20231027,25.8,0.0,56.58
20231028,25.63,8.9,64.5
20231029,25.28,11.9,71.83
20231030,25.02,20.43,71.69
20231031,24.02,11.63,74.02
20231101,23.71,2.21,72.76
20231102,22.83,2.1,69.82
20231103,22.86,0.0,63.09
20231104,23.23,0.0,52.77
20231105,22.74,0.0,60.15
20231106,22.6,0.0,59.33
20231107,21.92,0.0,66.32
20231108,21.69,0.0,75.13
20231109,21.63,0.0,74.49
20231110,21.35,0.0,73.46
20231111,21.5,0.1,76.6
20231112,23.0,0.33,70.73
20231113,23.15,0.07,71.26
20231114,20.88,0.05,71.42
20231115,20.63,0.04,66.72
20231116,20.03,0.02,72.08
20231117,21.04,0.05,74.93
20231118,20.35,0.0,67.48
20231119,18.29,0.32,61.22
20231120,16.95,0.04,62.39
20231121,17.55,0.0,64.86
20231122,16.53,0.17,70.08
20231123,17.61,0.0,51.22
20231124,17.48,0.0,49.44
20231125,18.18,0.0,41.09
20231126,16.29,0.0,53.65
20231127,15.67,0.0,60.26
20231128,15.09,0.0,59.84
20231129,15.83,0.0,64.96
20231130,16.93,0.01,75.14
20231201,18.25,0.02,77.25
20231202,17.62,0.0,78.32
20231203,18.77,0.0,70.99
20231204,18.48,0.0,63.84
20231205,17.75,0.0,75.0
20231206,16.18,0.0,68.44
20231207,15.54,0.0,56.74
20231208,14.77,0.0,60.54
20231209,14.58,0.0,61.76
20231210,15.84,0.0,54.68
20231211,15.92,0.0,46.06
20231212,14.16,0.74,66.78
20231213,15.65,14.47,84.6
20231214,17.1,1.6,74.31
20231215,17.97,0.0,63.28
20231216,17.22,0.0,59.23
20231217,16.89,0.0,76.97
20231218,17.93,0.0,77.0
20231219,16.04,0.0,77.94
20231220,14.51,0.0,83.22
20231221,13.73,0.0,77.23
20231222,13.45,0.0,63.26
20231223,14.79,0.02,71.8
20231224,16.3,0.17,70.47
20231225,16.17,0.12,77.86
20231226,15.73,0.02,81.04
20231227,15.97,1.04,79.66
20231228,16.3,5.97,83.54
20231229,16.42,0.79,81.05
20231230,16.1,0.5,78.26
20231231,15.29,0.61,81.21
20240101,14.91,0.01,77.14
20240102,15.59,0.0,76.89
20240103,14.39,0.0,76.49
20240104,14.18,0.0,74.78
20240105,13.86,0.0,67.17
20240106,15.4,0.01,72.87
20240107,14.6,0.0,62.53
20240108,13.45,0.0,47.37
20240109,10.95,0.0,49.07
20240110,11.74,0.01,58.25
20240111,13.03,0.29,73.91
20240112,12.28,0.02,61.59
20240113,12.1,0.02,57.33
20240114,12.28,0.25,74.04
20240115,11.71,0.01,69.75
20240116,11.99,0.0,52.93
20240117,13.8,0.0,44.82
20240118,14.62,0.0,45.04
20240119,15.49,0.0,47.82
20240120,16.45,0.0,49.71
20240121,16.35,0.0,38.44
20240122,14.28,0.05,59.9
20240123,14.53,0.08,68.44
20240124,12.49,0.2,66.65
20240125,11.91,0.52,77.73
20240126,13.11,0.76,72.21
20240127,13.18,0.4,68.3
20240128,12.19,0.46,69.61
20240129,11.17,0.71,74.54
20240130,9.4,0.03,66.9
20240131,8.49,42.54,71.86
20240201,8.91,1.96,78.52
20240202,10.76,31.46,84.27
20240203,9.73,0.0,67.28
20240204,10.23,0.25,69.73
20240205,11.23,0.02,80.63
20240206,12.53,0.02,76.55
20240207,13.46,0.06,75.36
20240208,13.08,0.01,70.5
20240209,13.34,0.0,70.58
20240210,13.56,0.0,72.78
20240211,13.97,0.03,70.31
20240212,14.13,0.0,54.01
20240213,14.8,0.01,55.71
20240214,12.68,0.04,73.46
20240215,12.21,1.06,72.67
20240216,12.35,0.27,72.53
20240217,12.33,0.08,71.89
20240218,13.42,0.03,74.31
20240219,12.78,0.03,73.29
20240220,12.98,0.0,69.89
20240221,13.63,0.01,69.41
20240222,13.38,0.02,71.3
20240223,13.22,0.1,80.54
20240224,15.37,0.16,70.59
20240225,14.86,0.04,67.46
20240226,15.96,0.0,57.43
20240227,14.49,0.0,73.68
20240228,15.25,0.0,69.24
20240229,17.37,0.0,57.5
20240301,20.73,0.0,37.51
20240302,16.1,0.0,59.3
20240303,14.82,0.0,72.25
20240304,14.9,0.0,66.86
20240305,17.41,0.0,55.36
20240306,15.62,0.0,67.01
20240307,15.14,0.0,69.86
20240308,15.03,0.0,65.83
20240309,14.94,0.0,64.87
20240310,14.99,0.0,65.04
20240311,14.9,0.0,64.05
20240312,17.2,0.0,55.74
20240313,16.93,0.0,59.42
20240314,15.97,0.0,63.41
20240315,15.47,0.0,62.59
20240316,15.85,0.0,64.22
20240317,17.25,0.0,64.86
20240318,14.67,1.25,71.21
20240319,14.74,0.07,64.99
20240320,16.98,0.0,52.28
20240321,17.32,0.05,49.49
20240322,14.22,0.0,59.42
20240323,14.78,0.0,56.8
20240324,12.81,4.02,73.8
20240325,14.32,0.0,55.41
20240326,18.49,0.0,37.84
20240327,22.76,0.0,30.19
20240328,21.3,0.02,36.91
20240329,20.15,0.53,65.5
20240330,20.48,0.38,61.87
20240331,23.09,0.05,57.21
20240401,23.84,0.0,52.08
20240402,22.82,0.0,51.7
20240403,22.2,0.0,50.72
20240404,22.63,0.0,41.53
20240405,20.62,0.0,53.39
20240406,18.76,0.0,58.48
20240407,18.49,0.06,59.7
20240408,18.24,0.3,63.25
20240409,17.99,0.08,61.08
20240410,18.76,0.0,58.76
20240411,20.5,0.0,52.45
20240412,20.64,0.01,53.35
20240413,21.1,0.19,58.91
20240414,21.31,0.36,60.4
20240415,21.88,0.22,55.26
20240416,22.26,0.0,51.87
20240417,26.22,0.0,34.2
20240418,23.59,0.0,47.46
20240419,21.82,0.0,53.67
20240420,23.13,0.0,50.22
20240421,21.49,0.0,48.44
20240422,23.21,0.0,40.35
20240423,27.56,0.0,25.94
20240424,30.84,0.0,21.1
20240425,26.74,0.0,32.47
20240426,23.36,0.0,49.07
20240427,22.46,0.0,49.89
20240428,22.62,0.0,50.68
20240429,21.91,0.0,52.73
20240430,21.97,0.0,55.24
20240501,23.74,0.0,53.67
20240502,23.3,0.0,50.3
20240503,24.42,0.0,42.02
20240504,23.28,0.0,53.56
20240505,21.57,0.0,52.35
20240506,20.95,0.0,54.32
20240507,21.14,0.0,45.83
20240508,22.35,0.0,38.58
20240509,26.75,0.0,31.88
20240510,28.19,0.0,18.26
20240511,24.41,0.0,44.12
20240512,22.91,0.0,54.18
20240513,21.43,0.0,53.18
20240514,22.06,0.0,47.15
20240515,22.86,0.0,45.02
20240516,24.86,0.0,39.08
20240517,27.85,0.0,27.57
20240518,31.17,0.0,21.76
20240519,30.74,0.0,22.91
20240520,32.68,0.0,22.22
20240521,30.81,0.0,27.64
20240522,31.13,0.0,26.56
20240523,31.1,0.0,26.68
20240524,25.73,0.0,43.1
20240525,25.38,1.16,44.29
20240526,28.81,0.0,28.45
20240527,28.22,0.0,35.06
20240528,25.66,0.0,45.18
20240529,24.96,0.0,45.83
20240530,25.16,0.0,41.78
20240531,27.75,0.0,34.88
20240601,30.5,0.0,23.79
20240602,29.89,0.0,26.67
20240603,28.92,0.0,35.92
20240604,30.07,0.0,37.23
20240605,31.25,0.0,35.84
20240606,32.85,0.0,34.77
20240607,33.93,0.0,33.73
20240608,31.16,0.0,41.33
20240609,28.86,0.0,44.24
20240610,29.84,0.0,45.31
20240611,30.23,0.0,36.17
20240612,30.81,0.0,33.5
20240613,32.61,0.0,34.58
20240614,34.73,0.0,29.38
20240615,34.82,0.0,35.0
20240616,31.85,0.0,37.92
20240617,29.77,0.0,41.82
20240618,29.98,0.0,45.17
20240619,30.07,0.0,42.26
20240620,30.53,0.02,38.9
20240621,31.65,0.01,36.69
20240622,31.75,0.0,33.64
20240623,32.16,0.0,35.76
20240624,32.31,0.0,31.67
20240625,31.91,0.0,32.54
20240626,30.47,0.0,44.43
20240627,31.53,0.0,43.59
20240628,31.09,0.0,43.38
20240629,29.95,0.0,49.22
20240630,30.03,0.0,45.89
20240701,30.86,0.0,45.76
20240702,29.94,0.0,43.01
20240703,31.16,0.0,26.52
20240704,33.35,0.0,28.08
20240705,31.48,0.0,40.78
20240706,29.89,0.0,46.85
20240707,30.53,0.0,47.32
20240708,31.26,0.0,47.1
20240709,32.45,0.0,43.48
20240710,33.3,0.0,37.48
20240711,34.1,0.0,39.05
20240712,34.97,0.0,33.19
20240713,32.63,0.0,35.44
20240714,31.04,0.0,40.54
20240715,31.13,0.0,46.36
20240716,30.85,0.0,42.0
20240717,31.3,0.0,42.67
20240718,31.03,0.0,40.49
20240719,31.56,0.0,41.64
20240720,33.0,0.0,36.25
20240721,33.57,0.0,39.23
20240722,33.16,0.0,40.48
20240723,32.41,0.0,37.22
20240724,31.59,0.0,43.97
20240725,33.82,0.0,34.1
20240726,31.39,0.0,45.84
20240727,30.53,0.0,45.99
20240728,31.76,0.0,43.57
20240729,31.54,0.0,40.82
20240730,31.08,0.0,43.91
20240731,31.83,0.0,41.94
20240801,31.41,0.0,44.47
20240802,31.21,0.0,42.7
20240803,31.29,0.0,41.6
20240804,31.0,0.01,39.69
20240805,30.45,0.0,36.23
20240806,30.76,0.0,40.1
20240807,31.26,1.77,45.28
20240808,31.44,0.0,39.49
20240809,31.53,0.0,39.17
20240810,31.08,0.0,39.28
20240811,30.76,0.0,46.93
20240812,30.54,0.0,44.74
20240813,30.82,0.0,42.49
20240814,30.6,0.0,44.91
20240815,30.82,0.0,46.59
20240816,30.44,0.0,52.24
20240817,31.58,0.0,49.38
20240818,30.8,0.0,50.09
20240819,31.01,0.0,41.5
20240820,30.97,0.0,38.91
20240821,31.05,0.0,38.27
20240822,31.27,0.0,49.73
20240823,31.26,0.0,47.46
20240824,30.71,0.0,49.65
20240825,31.3,0.0,46.57
20240826,32.17,0.0,39.37
20240827,31.64,0.0,42.09
20240828,31.11,0.0,41.54
20240829,30.65,0.0,44.86
20240830,29.95,0.0,42.62
20240831,30.07,0.0,41.8
20240901,29.99,0.0,49.09
20240902,31.18,0.0,46.1
20240903,30.85,0.0,45.61
20240904,29.32,0.0,50.63
20240905,29.2,0.0,51.25
20240906,29.56,0.0,51.3
20240907,30.15,0.0,47.98
20240908,30.4,0.0,48.05
20240909,29.51,0.0,49.16
20240910,30.22,0.0,41.5
20240911,32.35,0.0,33.96
20240912,33.0,0.0,37.62
20240913,29.93,0.0,50.23
20240914,28.28,0.0,53.77
20240915,28.87,0.0,59.28
20240916,28.58,0.0,51.22
20240917,28.48,0.0,45.58
20240918,27.62,0.0,44.22
20240919,29.88,0.0,36.9
20240920,32.23,0.0,34.89
20240921,27.92,0.0,51.62
20240922,26.98,0.0,51.59
20240923,26.34,0.0,50.04
20240924,26.06,0.0,48.85
20240925,26.24,0.0,57.05
20240926,26.46,0.0,55.28
20240927,26.6,0.0,53.29
20240928,26.8,0.0,51.1
20240929,26.24,0.0,54.17
20240930,26.16,0.0,59.95
20241001,25.69,0.0,54.94
20241002,24.6,0.0,51.65
20241003,24.52,0.0,51.68
20241004,24.09,0.0,53.87
20241005,24.23,0.0,57.19
20241006,23.93,0.0,58.43
20241007,25.11,0.0,56.95
20241008,26.6,0.0,49.62
20241009,27.18,0.0,47.79
20241010,25.77,0.0,59.28
20241011,25.69,0.0,55.08
20241012,26.6,0.0,47.76
20241013,26.61,0.0,56.27
20241014,26.27,0.0,59.86
20241015,25.07,0.0,54.94
20241016,24.45,0.0,56.92
20241017,24.62,0.0,60.28
20241018,24.35,0.0,56.42
20241019,23.27,0.0,52.76
20241020,22.98,0.0,54.63
20241021,23.25,0.0,51.85
20241022,22.1,0.0,49.48
20241023,21.43,0.0,45.49
20241024,21.07,0.0,40.46
20241025,20.75,0.0,41.57
20241026,21.46,0.0,54.27
20241027,22.44,0.0,54.11
20241028,22.17,0.0,58.56
20241029,21.07,0.0,60.55
20241030,19.82,0.0,59.08
20241031,19.37,0.0,60.82
20241101,20.19,0.0,60.12
20241102,20.17,0.01,59.23
20241103,20.78,0.0,49.61
20241104,21.06,0.0,53.45
20241105,19.57,0.0,60.03
20241106,20.62,0.0,65.0
20241107,22.18,0.04,66.45
20241108,21.47,0.12,66.9
20241109,20.48,0.14,60.19
20241110,18.57,0.01,61.37
20241111,17.95,0.0,57.32
20241112,18.95,0.0,70.7
20241113,19.93,0.0,68.54
20241114,19.34,0.0,70.16
20241115,20.12,0.0,64.55
20241116,19.07,0.0,59.67
20241117,18.48,0.0,45.84
20241118,17.99,0.23,66.59
20241119,18.15,0.19,66.09
20241120,18.67,0.03,55.85
20241121,18.74,0.0,54.2
20241122,20.13,0.0,40.81
20241123,19.04,0.09,62.7
20241124,16.81,0.49,62.6
20241125,15.55,0.05,49.18
20241126,14.44,0.15,53.11
20241127,15.07,0.08,54.27
20241128,15.64,0.0,64.64
20241129,15.75,0.0,69.33
20241130,15.65,0.1,71.2
20241201,15.42,0.13,72.3
20241202,15.41,0.02,71.78
20241203,15.35,0.0,67.04
20241204,14.98,0.0,62.58
20241205,15.8,0.0,67.52
20241206,16.51,0.0,67.5
20241207,17.25,0.0,52.38
20241208,16.27,0.0,40.13
20241209,16.27,0.0,36.48
20241210,15.47,0.0,67.36
20241211,15.45,0.0,79.62
20241212,16.23,0.03,81.78
20241213,15.19,0.01,70.0
20241214,15.0,0.0,60.43
20241215,13.66,0.0,58.16
20241216,13.63,0.0,65.62
20241217,14.35,0.04,74.78
20241218,14.47,0.03,74.97
20241219,14.81,0.15,71.77
20241220,14.26,0.1,75.71
20241221,14.38,0.0,68.39
20241222,14.5,0.0,48.5
20241223,13.61,0.0,63.22
20241224,12.13,0.0,61.8
20241225,12.78,0.0,42.07
20241226,9.92,0.0,45.48
20241227,10.05,0.0,53.02
20241228,11.4,0.0,66.89
20241229,12.28,0.01,66.57
20241230,12.29,0.13,68.77
20241231,12.22,0.13,72.24
